/*
INSERT INTO Vendor (vend_name, email, phone_number)
VALUES
('Nestlé Foods', 'contact@nestle.com', '8005551001'),
('Mondelez International', 'support@mondelez.com', '8005551002'),
('Unilever PLC', 'sales@unilever.com', '8005551003'),
('PepsiCo Inc.', 'info@pepsico.com', '8005551004'),
('The Coca-Cola Company', 'service@coca-cola.com', '8005551005'),
('General Mills', 'orders@generalmills.com', '8005551006'),
('Kellanova', 'hello@kellanova.com', '8005551007'),
('Danone North America', 'danone@support.com', '8005551008'),
('Hormel Foods', 'hormel@contact.com', '8005551009'),
('Mars, Incorporated', 'contact@mars.com', '8005551010'),
('The Hershey Company', 'support@hersheys.com', '8005551011'),
('B&G Foods', 'sales@bgfoods.com', '8005551012'),
('Conagra Brands', 'contact@conagra.com', '8005551013'),
('Campbell Soup Company', 'info@campbells.com', '8005551014'),
('The Kraft Heinz Company', 'support@kraftheinz.com', '8005551015'),
('Dole Food Company', 'hello@dole.com', '8005551016'),
('Chobani LLC', 'sales@chobani.com', '8005551017'),
('Tillamook Creamery', 'tillamook@support.com', '8005551018'),
('Sargento Foods Inc.', 'info@sargento.com', '8005551019'),
('Gerber Products Co.', 'contact@gerber.com', '8005551020');
*/

/*
INSERT INTO Vendor (brand_name, vend_id)
VALUES
('Nestlé', 1),
('Oreo', 2),
('Knorr', 3),
('Pepsi', 4),
('Coca-Cola', 5),
('Cheerios', 6),
('Pringles', 7),
('Danone', 8),
('Spam', 9),
('Mars', 10),
('Hershey''s', 11),
('Green Giant', 12),
('Healthy Choice', 13),
('V8', 14),
('Heinz', 15),
('Dole', 16),
('Chobani', 17),
('Tillamook', 18),
('Sargento', 19),
('Gerber', 20);
*/

/*
INSERT INTO BMart (phone_number) VALUES 
('8005551000'),
('8005551001'),
('8005551002'),
('8005551003'),
('8005551004'),
('8005551005'),
('8005551006'),
('8005551007'),
('8005551008'),
('8005551009'),
('8005551010'),
('8005551011'),
('8005551012'),
('8005551013'),
('8005551014'),
('8005551015'),
('8005551016'),
('8005551017'),
('8005551018'),
('8005551019'),
('8005551020'),
('8005551021'),
('8005551022'),
('8005551023'),
('8005551024'),
('8005551025'),
('8005551026'),
('8005551027'),
('8005551028'),
('8005551029'),
('8005551030'),
('8005551031'),
('8005551032'),
('8005551033'),
('8005551034'),
('8005551035'),
('8005551036'),
('8005551037'),
('8005551038'),
('8005551039'),
('8005551040'),
('8005551041'),
('8005551042'),
('8005551043'),
('8005551044'),
('8005551045'),
('8005551046'),
('8005551047'),
('8005551048'),
('8005551049');
*/

/*
INSERT INTO `Hours of Operation` (store_id, weekday_op, weekday_cl, weekend_op, weekend_cl)
VALUES
(1, '08:00:00', '20:00:00', '10:00:00', '18:00:00'),
(2, '09:00:00', '21:00:00', '11:00:00', '19:00:00'),
(3, '08:30:00', '20:30:00', '09:00:00', '17:00:00'),
(4, '08:00:00', '18:00:00', '10:00:00', '16:00:00'),
(5, '09:00:00', '21:00:00', '11:00:00', '19:00:00'),
(6, '08:30:00', '19:30:00', '10:00:00', '18:00:00'),
(7, '09:00:00', '22:00:00', '11:00:00', '20:00:00'),
(8, '08:00:00', '18:00:00', '09:00:00', '17:00:00'),
(9, '08:30:00', '20:30:00', '10:00:00', '18:00:00'),
(10, '09:00:00', '21:00:00', '11:00:00', '19:00:00'),
(11, '08:00:00', '20:00:00', '10:00:00', '18:00:00'),
(12, '09:00:00', '22:00:00', '11:00:00', '20:00:00'),
(13, '08:30:00', '20:30:00', '10:00:00', '18:00:00'),
(14, '08:00:00', '18:00:00', '09:00:00', '16:00:00'),
(15, '09:00:00', '21:00:00', '11:00:00', '19:00:00'),
(16, '08:30:00', '19:30:00', '10:00:00', '18:00:00'),
(17, '09:00:00', '22:00:00', '11:00:00', '20:00:00'),
(18, '08:00:00', '20:00:00', '10:00:00', '18:00:00'),
(19, '09:00:00', '21:00:00', '11:00:00', '19:00:00'),
(20, '08:00:00', '20:00:00', '10:00:00', '18:00:00'),
(21, '09:00:00', '22:00:00', '11:00:00', '20:00:00'),
(22, '08:30:00', '20:30:00', '10:00:00', '18:00:00'),
(23, '08:00:00', '18:00:00', '09:00:00', '16:00:00'),
(24, '09:00:00', '21:00:00', '11:00:00', '19:00:00'),
(25, '08:30:00', '20:30:00', '10:00:00', '18:00:00'),
(26, '08:00:00', '20:00:00', '10:00:00', '18:00:00'),
(27, '09:00:00', '22:00:00', '11:00:00', '20:00:00'),
(28, '08:30:00', '19:30:00', '10:00:00', '18:00:00'),
(29, '09:00:00', '21:00:00', '11:00:00', '19:00:00'),
(30, '08:00:00', '18:00:00', '10:00:00', '16:00:00'),
(31, '09:00:00', '22:00:00', '11:00:00', '20:00:00'),
(32, '08:30:00', '20:30:00', '10:00:00', '18:00:00'),
(33, '08:00:00', '20:00:00', '09:00:00', '17:00:00'),
(34, '09:00:00', '21:00:00', '11:00:00', '19:00:00'),
(35, '08:30:00', '19:30:00', '10:00:00', '18:00:00'),
(36, '09:00:00', '22:00:00', '11:00:00', '20:00:00'),
(37, '08:00:00', '20:00:00', '10:00:00', '18:00:00'),
(38, '09:00:00', '21:00:00', '11:00:00', '19:00:00'),
(39, '08:30:00', '20:30:00', '10:00:00', '18:00:00'),
(40, '08:00:00', '20:00:00', '10:00:00', '18:00:00'),
(41, '09:00:00', '22:00:00', '11:00:00', '20:00:00'),
(42, '08:30:00', '19:30:00', '10:00:00', '18:00:00'),
(43, '09:00:00', '21:00:00', '11:00:00', '19:00:00'),
(44, '08:00:00', '20:00:00', '09:00:00', '16:00:00'),
(45, '08:30:00', '19:30:00', '10:00:00', '18:00:00'),
(46, '09:00:00', '21:00:00', '11:00:00', '19:00:00'),
(47, '08:00:00', '20:00:00', '10:00:00', '18:00:00'),
(48, '09:00:00', '22:00:00', '11:00:00', '20:00:00'),
(49, '08:30:00', '19:30:00', '10:00:00', '18:00:00'),
(50, '08:00:00', '20:00:00', '09:00:00', '17:00:00');
*/

/*
INSERT INTO `BMart Address` (store_id, addr_line_one, addr_line_two, city, state, country, zip)
VALUES
(1, '123 Main St', 'Suite 101', 'Springfield', 'IL', 'USA', '62701'),
(2, '456 Oak St', 'Apt 202', 'Greenwood', 'IN', 'USA', '46142'),
(3, '789 Pine Ave', '', 'Fairfield', 'OH', 'USA', '45014'),
(4, '101 Maple Dr', '', 'Lakewood', 'CO', 'USA', '80228'),
(5, '202 Birch Rd', 'Unit 305', 'Middletown', 'OH', 'USA', '45044'),
(6, '303 Cedar Ln', '', 'Riverside', 'CA', 'USA', '92501'),
(7, '404 Elm St', '', 'Bristol', 'VA', 'USA', '24201'),
(8, '505 Redwood Blvd', '', 'Lancaster', 'PA', 'USA', '17602'),
(9, '606 Oakwood Ln', 'Floor 2', 'Dover', 'DE', 'USA', '19901'),
(10, '707 Willow Ct', '', 'Greeley', 'CO', 'USA', '80631'),
(11, '808 Birchwood Dr', '', 'Wilmington', 'DE', 'USA', '19801'),
(12, '909 Pine Ridge Rd', '', 'Richmond', 'VA', 'USA', '23220'),
(13, '1010 Maplewood Ave', 'Suite 600', 'Columbus', 'OH', 'USA', '43215'),
(14, '1111 Cedarbrook Blvd', '', 'Trenton', 'NJ', 'USA', '08608'),
(15, '1212 Oak Hill Rd', '', 'Cincinnati', 'OH', 'USA', '45202'),
(16, '1313 Willow Springs Rd', '', 'Fort Worth', 'TX', 'USA', '76107'),
(17, '1414 Redwood St', 'Suite 8', 'Los Angeles', 'CA', 'USA', '90001'),
(18, '1515 Birch St', '', 'Madison', 'WI', 'USA', '53703'),
(19, '1616 Elmwood Ave', '', 'Nashville', 'TN', 'USA', '37203'),
(20, '1717 Maple St', '', 'Phoenix', 'AZ', 'USA', '85001'),
(21, '1818 Oak Creek Dr', '', 'Pittsburgh', 'PA', 'USA', '15213'),
(22, '1919 Pine View Rd', '', 'Sacramento', 'CA', 'USA', '95814'),
(23, '2020 Cedarwood Blvd', 'Suite 5', 'Austin', 'TX', 'USA', '73301'),
(24, '2121 Willowbrook Ln', '', 'Chicago', 'IL', 'USA', '60614'),
(25, '2222 Redwood Dr', '', 'Orlando', 'FL', 'USA', '32801'),
(26, '2323 Maple Rd', '', 'Tampa', 'FL', 'USA', '33602'),
(27, '2424 Birchwood St', '', 'Jacksonville', 'FL', 'USA', '32202'),
(28, '2525 Elm St', '', 'Dallas', 'TX', 'USA', '75201'),
(29, '2626 Pine Ct', '', 'Houston', 'TX', 'USA', '77002'),
(30, '2727 Cedar Dr', '', 'San Diego', 'CA', 'USA', '92101'),
(31, '2828 Oakwood Ln', '', 'Portland', 'OR', 'USA', '97201'),
(32, '2929 Willow St', '', 'St. Louis', 'MO', 'USA', '63101'),
(33, '3030 Birch St', '', 'Cleveland', 'OH', 'USA', '44101'),
(34, '3131 Redwood Ln', '', 'Minneapolis', 'MN', 'USA', '55101'),
(35, '3232 Maple Dr', '', 'Kansas City', 'MO', 'USA', '64101'),
(36, '3333 Cedar Rd', '', 'Baltimore', 'MD', 'USA', '21201'),
(37, '3434 Oak Ave', '', 'Charlotte', 'NC', 'USA', '28202'),
(38, '3535 Pine Ln', '', 'Detroit', 'MI', 'USA', '48201'),
(39, '3636 Elmwood Dr', '', 'Indianapolis', 'IN', 'USA', '46201'),
(40, '3737 Birch Ave', '', 'Cleveland', 'OH', 'USA', '44102'),
(41, '3838 Redwood Rd', '', 'Albany', 'NY', 'USA', '12201'),
(42, '3939 Maple Ave', '', 'Rochester', 'NY', 'USA', '14602'),
(43, '4040 Cedar Ln', '', 'Boston', 'MA', 'USA', '02101'),
(44, '4141 Oak Dr', '', 'Seattle', 'WA', 'USA', '98101'),
(45, '4242 Pine Rd', '', 'Denver', 'CO', 'USA', '80202'),
(46, '4343 Elm St', '', 'Miami', 'FL', 'USA', '33101'),
(47, '4444 Birch Rd', '', 'Chicago', 'IL', 'USA', '60602'),
(48, '4545 Redwood St', '', 'Los Angeles', 'CA', 'USA', '90002'),
(49, '4646 Maple Blvd', '', 'San Francisco', 'CA', 'USA', '94102'),
(50, '4747 Cedar St', '', 'New York', 'NY', 'USA', '10001');
*/

/*
INSERT INTO `Vendor Address` (vend_id, addr_line_one, addr_line_two, city, state, country, zip) 
VALUES
(1, '123 Apple St', 'Suite 101', 'Cupertino', 'CA', 'USA', '95014'),
(2, '456 Orange Ave', '', 'Orlando', 'FL', 'USA', '32801'),
(3, '789 Banana Blvd', 'Apt 3B', 'Los Angeles', 'CA', 'USA', '90001'),
(4, '321 Grape Dr', '', 'San Diego', 'CA', 'USA', '92101'),
(5, '654 Cherry Ln', 'Unit 200', 'Chicago', 'IL', 'USA', '60601'),
(6, '987 Mango Way', '', 'Houston', 'TX', 'USA', '77001'),
(7, '159 Lemon Cir', '', 'Phoenix', 'AZ', 'USA', '85001'),
(8, '753 Peach St', 'Building A', 'Atlanta', 'GA', 'USA', '30301'),
(9, '852 Plum Rd', '', 'Philadelphia', 'PA', 'USA', '19101'),
(10, '951 Pear Blvd', 'Floor 2', 'Dallas', 'TX', 'USA', '75201'),
(11, '147 Kiwi Dr', '', 'Seattle', 'WA', 'USA', '98101'),
(12, '369 Avocado Ave', '', 'Portland', 'OR', 'USA', '97201'),
(13, '258 Fig St', 'Suite 400', 'San Jose', 'CA', 'USA', '95101'),
(14, '654 Berry Ln', '', 'Boston', 'MA', 'USA', '02101'),
(15, '741 Coconut Dr', '', 'Tampa', 'FL', 'USA', '33601'),
(16, '963 Pineapple Blvd', '', 'New York', 'NY', 'USA', '10001'),
(17, '357 Papaya Cir', 'Ste 5', 'Las Vegas', 'NV', 'USA', '89101'),
(18, '246 Nectarine Way', '', 'Charlotte', 'NC', 'USA', '28201'),
(19, '135 Passionfruit Rd', '', 'Denver', 'CO', 'USA', '80201'),
(20, '864 Melon Ave', '', 'Indianapolis', 'IN', 'USA', '46201');

*/

/*
INSERT INTO Customer (cust_id, cust_name, cust_email, cust_phone) VALUES
(1, 'Mario', 'mario@smashmail.com', '5551230001'),
(2, 'Luigi', 'luigi@smashmail.com', '5551230002'),
(3, 'Peach', 'peach@smashmail.com', '5551230003'),
(4, 'Bowser', 'bowser@smashmail.com', '5551230004'),
(5, 'Yoshi', 'yoshi@smashmail.com', '5551230005'),
(6, 'Donkey Kong', 'dk@smashmail.com', '5551230006'),
(7, 'Diddy Kong', 'diddy@smashmail.com', '5551230007'),
(8, 'Link', 'link@smashmail.com', '5551230008'),
(9, 'Zelda', 'zelda@smashmail.com', '5551230009'),
(10, 'Sheik', 'sheik@smashmail.com', '5551230010'),
(11, 'Ganondorf', 'ganon@smashmail.com', '5551230011'),
(12, 'Toon Link', 'toonlink@smashmail.com', '5551230012'),
(13, 'Samus', 'samus@smashmail.com', '5551230013'),
(14, 'Dark Samus', 'darksamus@smashmail.com', '5551230014'),
(15, 'Kirby', 'kirby@smashmail.com', '5551230015'),
(16, 'Meta Knight', 'metaknight@smashmail.com', '5551230016'),
(17, 'King Dedede', 'dedede@smashmail.com', '5551230017'),
(18, 'Fox', 'fox@smashmail.com', '5551230018'),
(19, 'Falco', 'falco@smashmail.com', '5551230019'),
(20, 'Wolf', 'wolf@smashmail.com', '5551230020'),
(21, 'Pikachu', 'pikachu@smashmail.com', '5551230021'),
(22, 'Pichu', 'pichu@smashmail.com', '5551230022'),
(23, 'Jigglypuff', 'jigglypuff@smashmail.com', '5551230023'),
(24, 'Mewtwo', 'mewtwo@smashmail.com', '5551230024'),
(25, 'Lucario', 'lucario@smashmail.com', '5551230025'),
(26, 'Greninja', 'greninja@smashmail.com', '5551230026'),
(27, 'Incineroar', 'incineroar@smashmail.com', '5551230027'),
(28, 'Ness', 'ness@smashmail.com', '5551230028'),
(29, 'Lucas', 'lucas@smashmail.com', '5551230029'),
(30, 'Captain Falcon', 'falcon@smashmail.com', '5551230030'),
(31, 'Ice Climbers', 'iceclimbers@smashmail.com', '5551230031'),
(32, 'Marth', 'marth@smashmail.com', '5551230032'),
(33, 'Lucina', 'lucina@smashmail.com', '5551230033'),
(34, 'Roy', 'roy@smashmail.com', '5551230034'),
(35, 'Chrom', 'chrom@smashmail.com', '5551230035'),
(36, 'Ike', 'ike@smashmail.com', '5551230036'),
(37, 'Robin', 'robin@smashmail.com', '5551230037'),
(38, 'Corrin', 'corrin@smashmail.com', '5551230038'),
(39, 'Byleth', 'byleth@smashmail.com', '5551230039'),
(40, 'Villager', 'villager@smashmail.com', '5551230040'),
(41, 'Isabelle', 'isabelle@smashmail.com', '5551230041'),
(42, 'Little Mac', 'mac@smashmail.com', '5551230042'),
(43, 'Wii Fit Trainer', 'wiifit@smashmail.com', '5551230043'),
(44, 'Shulk', 'shulk@smashmail.com', '5551230044'),
(45, 'Duck Hunt', 'duckhunt@smashmail.com', '5551230045'),
(46, 'Pit', 'pit@smashmail.com', '5551230046'),
(47, 'Dark Pit', 'darkpit@smashmail.com', '5551230047'),
(48, 'Palutena', 'palutena@smashmail.com', '5551230048'),
(49, 'Mega Man', 'megaman@smashmail.com', '5551230049'),
(50, 'Ryu', 'ryu@smashmail.com', '5551230050'),
(51, 'Steve', 'steve@smashmail.com', '5551230051'),
(52, 'Alex', 'alex@smashmail.com', '5551230052'),
(53, 'Banjo & Kazooie', 'banjo_kazooie@smashmail.com', '5551230053'),
(54, 'Terry', 'terry@smashmail.com', '5551230054'),
(55, 'Hero', 'hero@smashmail.com', '5551230055'),
(56, 'Joker', 'joker@smashmail.com', '5551230056'),
(57, 'Min Min', 'minmin@smashmail.com', '5551230057'),
(58, 'Sora', 'sora@smashmail.com', '5551230058'),
(59, 'Pyra', 'pyra@smashmail.com', '5551230059'),
(60, 'Mythra', 'mythra@smashmail.com', '5551230060'),
(61, 'Sephiroth', 'sephiroth@smashmail.com', '5551230061'),
(62, 'Kazuya', 'kazuya@smashmail.com', '5551230062'),
(63, 'Bayonetta', 'bayonetta@smashmail.com', '5551230063'),
(64, 'Ridley', 'ridley@smashmail.com', '5551230064'),
(65, 'Simon', 'simon@smashmail.com', '5551230065'),
(66, 'Richter', 'richter@smashmail.com', '5551230066'),
(67, 'Inkling', 'inkling@smashmail.com', '5551230067'),
(68, 'Ken', 'ken@smashmail.com', '5551230068'),
(69, 'R.O.B.', 'rob@smashmail.com', '5551230069'),
(70, 'Mr. Game & Watch', 'gaw@smashmail.com', '5551230070'),
(71, 'Wario', 'wario@smashmail.com', '5551230071'),
(72, 'Snake', 'snake@smashmail.com', '5551230072'),
(73, 'Pac-Man', 'pacman@smashmail.com', '5551230073'),
(74, 'Sonic', 'sonic@smashmail.com', '5551230074'),
(75, 'Mega Man', 'megaman2@smashmail.com', '5551230075'),
(76, 'Rosalina & Luma', 'rosalina@smashmail.com', '5551230076'),
(77, 'Duck Hunt Duo', 'duckhuntduo@smashmail.com', '5551230077'),
(78, 'Mii Brawler', 'miibrawler@smashmail.com', '5551230078'),
(79, 'Mii Swordfighter', 'miisword@smashmail.com', '5551230079'),
(80, 'Mii Gunner', 'miigunner@smashmail.com', '5551230080'),
(81, 'Pokémon Trainer', 'trainer@smashmail.com', '5551230081'),
(82, 'Ivysaur', 'ivysaur@smashmail.com', '5551230082'),
(83, 'Squirtle', 'squirtle@smashmail.com', '5551230083'),
(84, 'Charizard', 'charizard@smashmail.com', '5551230084'),
(85, 'Byleth (Female)', 'byleth_f@smashmail.com', '5551230085'),
(86, 'Corrin (Male)', 'corrin_m@smashmail.com', '5551230086'),
(87, 'Robin (Female)', 'robin_f@smashmail.com', '5551230087'),
(88, 'Pit (Dark)', 'pit_dark@smashmail.com', '5551230088'),
(89, 'Echo Fighters Squad', 'echosquad@smashmail.com', '5551230089'),
(90, 'Daisy', 'daisy@smashmail.com', '5551230090'),
(91, 'Piranha Plant', 'plant@smashmail.com', '5551230091'),
(92, 'Ice Climbers (Nana)', 'nana@smashmail.com', '5551230092'),
(93, 'Lucina (Alt)', 'lucina_alt@smashmail.com', '5551230093'),
(94, 'Roy (Alt)', 'roy_alt@smashmail.com', '5551230094'),
(95, 'Inkling (Boy)', 'inkling_boy@smashmail.com', '5551230095');
*/

/*
INSERT INTO Customer_address (cust_id, addr_line_one, addr_line_two, city, state, country, zip) VALUES
(1, '100 Mushroom Way', '', 'New York', 'NY', 'USA', '10001'),
(2, '100 Mushroom Way', '', 'New York', 'NY', 'USA', '10001'),
(3, '221 Smash Blvd', 'Apt 5', 'Chicago', 'IL', 'USA', '60601'),
(4, '221 Smash Blvd', 'Apt 5', 'Chicago', 'IL', 'USA', '60601'),
(5, '450 Hyrule Dr', '', 'Portland', 'OR', 'USA', '97201'),
(6, '450 Hyrule Dr', '', 'Portland', 'OR', 'USA', '97201'),
(7, '88 Jungle Japes Rd', '', 'Houston', 'TX', 'USA', '77001'),
(8, '88 Jungle Japes Rd', '', 'Houston', 'TX', 'USA', '77001'),
(9, '999 Dreamland Pkwy', 'Unit 4', 'Los Angeles', 'CA', 'USA', '90001'),
(10, '999 Dreamland Pkwy', 'Unit 4', 'Los Angeles', 'CA', 'USA', '90001'),
(11, '302 Samus Spaceport', '', 'Orlando', 'FL', 'USA', '32801'),
(12, '123 Master Sword Dr', '', 'Seattle', 'WA', 'USA', '98101'),
(13, '77 Crateria Blvd', '', 'Denver', 'CO', 'USA', '80201'),
(14, '77 Crateria Blvd', '', 'Denver', 'CO', 'USA', '80201'),
(15, '404 Bowser Ln', 'Suite B', 'Boston', 'MA', 'USA', '02108'),
(16, '101 Arwing Ave', '', 'San Francisco', 'CA', 'USA', '94101'),
(17, '101 Arwing Ave', '', 'San Francisco', 'CA', 'USA', '94101'),
(18, '210 Lylat Blvd', '', 'Las Vegas', 'NV', 'USA', '89109'),
(19, '210 Lylat Blvd', '', 'Las Vegas', 'NV', 'USA', '89109'),
(20, '77 Dedede Dr', '', 'Cincinnati', 'OH', 'USA', '45202'),
(21, '300 Temple Plaza', '', 'Philadelphia', 'PA', 'USA', '19103'),
(22, '300 Temple Plaza', '', 'Philadelphia', 'PA', 'USA', '19103'),
(23, '650 Final Destination Rd', '', 'Phoenix', 'AZ', 'USA', '85001'),
(24, '650 Final Destination Rd', '', 'Phoenix', 'AZ', 'USA', '85001'),
(25, '500 Mii Maker Blvd', '', 'Charlotte', 'NC', 'USA', '28202'),
(26, '400 Clock Town Ave', '', 'Milwaukee', 'WI', 'USA', '53202'),
(27, '400 Clock Town Ave', '', 'Milwaukee', 'WI', 'USA', '53202'),
(28, '782 Smashville Ln', '', 'Nashville', 'TN', 'USA', '37201'),
(29, '782 Smashville Ln', '', 'Nashville', 'TN', 'USA', '37201'),
(30, '83 Balloon Fight Rd', '', 'Minneapolis', 'MN', 'USA', '55401'),
(31, '470 Zebes Heights', '', 'San Diego', 'CA', 'USA', '92101'),
(32, '470 Zebes Heights', '', 'San Diego', 'CA', 'USA', '92101'),
(33, '301 Inkling Alley', 'Floor 3', 'Seattle', 'WA', 'USA', '98104'),
(34, '301 Inkling Alley', 'Floor 3', 'Seattle', 'WA', 'USA', '98104'),
(35, '221 Wario Warehouse', '', 'Detroit', 'MI', 'USA', '48201'),
(36, '221 Wario Warehouse', '', 'Detroit', 'MI', 'USA', '48201'),
(37, '65 Reset Bomb Ave', '', 'Austin', 'TX', 'USA', '73301'),
(38, '65 Reset Bomb Ave', '', 'Austin', 'TX', 'USA', '73301'),
(39, '777 Kalos Lane', '', 'Atlanta', 'GA', 'USA', '30303'),
(40, '777 Kalos Lane', '', 'Atlanta', 'GA', 'USA', '30303'),
(41, '93 Spirit Tracks Blvd', '', 'Newark', 'NJ', 'USA', '07102'),
(42, '93 Spirit Tracks Blvd', '', 'Newark', 'NJ', 'USA', '07102'),
(43, '321 Castle Siege Ln', '', 'Indianapolis', 'IN', 'USA', '46201'),
(44, '321 Castle Siege Ln', '', 'Indianapolis', 'IN', 'USA', '46201'),
(45, '54 Wuhu Island Way', '', 'Miami', 'FL', 'USA', '33101'),
(46, '54 Wuhu Island Way', '', 'Miami', 'FL', 'USA', '33101'),
(47, '789 Fire Emblem Rd', '', 'Kansas City', 'MO', 'USA', '64101'),
(48, '789 Fire Emblem Rd', '', 'Kansas City', 'MO', 'USA', '64101'),
(49, '630 Thunderbolt Rd', '', 'Salt Lake City', 'UT', 'USA', '84101'),
(50, '630 Thunderbolt Rd', '', 'Salt Lake City', 'UT', 'USA', '84101'),
(51, '100 Onett St', '', 'Los Angeles', 'CA', 'USA', '90001'),
(52, '100 Onett St', '', 'Los Angeles', 'CA', 'USA', '90001'),
(53, '421 Eagleland Dr', 'Apt 2B', 'Austin', 'TX', 'USA', '73301'),
(54, '421 Eagleland Dr', 'Apt 2B', 'Austin', 'TX', 'USA', '73301'),
(55, '101 Dream Home Ln', '', 'San Diego', 'CA', 'USA', '92101'),
(56, '101 Dream Home Ln', '', 'San Diego', 'CA', 'USA', '92101'),
(57, '222 Subspace Ave', '', 'Chicago', 'IL', 'USA', '60607'),
(58, '222 Subspace Ave', '', 'Chicago', 'IL', 'USA', '60607'),
(59, '777 Tallon IV Rd', '', 'Orlando', 'FL', 'USA', '32810'),
(60, '777 Tallon IV Rd', '', 'Orlando', 'FL', 'USA', '32810'),
(61, '555 Kalos Lane', 'Apt 10', 'Atlanta', 'GA', 'USA', '30305'),
(62, '555 Kalos Lane', 'Apt 10', 'Atlanta', 'GA', 'USA', '30305'),
(63, '404 New Pork City Blvd', '', 'New York', 'NY', 'USA', '10004'),
(64, '404 New Pork City Blvd', '', 'New York', 'NY', 'USA', '10004'),
(65, '222 Delfino Plaza Rd', '', 'Miami', 'FL', 'USA', '33101'),
(66, '222 Delfino Plaza Rd', '', 'Miami', 'FL', 'USA', '33101'),
(67, '909 Halberd Ave', '', 'Philadelphia', 'PA', 'USA', '19104'),
(68, '909 Halberd Ave', '', 'Philadelphia', 'PA', 'USA', '19104'),
(69, '83 Gerudo Valley Dr', '', 'Phoenix', 'AZ', 'USA', '85001'),
(70, '83 Gerudo Valley Dr', '', 'Phoenix', 'AZ', 'USA', '85001'),
(71, '640 Brinstar Heights', '', 'Seattle', 'WA', 'USA', '98109'),
(72, '640 Brinstar Heights', '', 'Seattle', 'WA', 'USA', '98109'),
(73, '159 Mementos Ln', '', 'Portland', 'OR', 'USA', '97201'),
(74, '159 Mementos Ln', '', 'Portland', 'OR', 'USA', '97201'),
(75, '441 Monado Blvd', '', 'Cincinnati', 'OH', 'USA', '45202'),
(76, '441 Monado Blvd', '', 'Cincinnati', 'OH', 'USA', '45202'),
(77, '880 ARMS Circuit', '', 'Las Vegas', 'NV', 'USA', '89101'),
(78, '880 ARMS Circuit', '', 'Las Vegas', 'NV', 'USA', '89101'),
(79, '654 Minecraft Mine Rd', '', 'Indianapolis', 'IN', 'USA', '46201'),
(80, '654 Minecraft Mine Rd', '', 'Indianapolis', 'IN', 'USA', '46201'),
(81, '377 Skyloft St', '', 'Salt Lake City', 'UT', 'USA', '84101'),
(82, '377 Skyloft St', '', 'Salt Lake City', 'UT', 'USA', '84101'),
(83, '518 Inkopolis Ave', '', 'Minneapolis', 'MN', 'USA', '55401'),
(84, '518 Inkopolis Ave', '', 'Minneapolis', 'MN', 'USA', '55401'),
(85, '290 F-Zero Blvd', '', 'Charlotte', 'NC', 'USA', '28205'),
(86, '290 F-Zero Blvd', '', 'Charlotte', 'NC', 'USA', '28205'),
(87, '119 Smash Stadium Way', '', 'Denver', 'CO', 'USA', '80204'),
(88, '119 Smash Stadium Way', '', 'Denver', 'CO', 'USA', '80204'),
(89, '66 Magicant Rd', '', 'Columbus', 'OH', 'USA', '43215'),
(90, '66 Magicant Rd', '', 'Columbus', 'OH', 'USA', '43215'),
(91, '314 Spiral Mountain', '', 'San Jose', 'CA', 'USA', '95112'),
(92, '314 Spiral Mountain', '', 'San Jose', 'CA', 'USA', '95112'),
(93, '555 Summit St', '', 'Baltimore', 'MD', 'USA', '21201'),
(94, '555 Summit St', '', 'Baltimore', 'MD', 'USA', '21201'),
(95, '99 Yggdrasil Ave', '', 'Kansas City', 'MO', 'USA', '64101');
*/

/*
INSERT INTO `Product Type` (UPC, product_type) VALUES
('012000111444', 'Soda'),
('012000111444', 'Soft Drink'),
('012000998877', 'Beverage'),
('012000998877', 'Soda'),
('013000999888', 'Condiment'),
('013000999888', 'Sauce'),
('016000333222', 'Cereal'),
('016000333222', 'Whole Grain'),
('016000845622', 'Breakfast'),
('016000845622', 'Cereal'),
('025000867432', 'Frozen Food'),
('025000867432', 'Healthy'),
('028000011234', 'Chocolate'),
('028000011234', 'Snack'),
('028000411111', 'Chocolate'),
('028000411111', 'Drink Mix'),
('034567897654', 'Candy'),
('034567897654', 'Chocolate'),
('036632117788', 'Dairy'),
('036632117788', 'Yogurt'),
('037600456789', 'Canned Goods'),
('037600456789', 'Meat'),
('038000246810', 'Chips'),
('038000246810', 'Snack'),
('038900567123', 'Canned Goods'),
('038900567123', 'Fruit'),
('040000112244', 'Candy'),
('040000112244', 'Chocolate'),
('044000112233', 'Cookie'),
('044000112233', 'Snack'),
('044000987654', 'Cookie'),
('044000987654', 'Snack'),
('046789334455', 'Dairy'),
('046789334455', 'Yogurt'),
('046789998877', 'Cheese'),
('046789998877', 'Dairy'),
('048001111222', 'Pasta'),
('048001111222', 'Side Dish'),
('048001555789', 'Rice'),
('048001555789', 'Side Dish'),
('049000222333', 'Beverage'),
('049000222333', 'Soda'),
('049000777888', 'Soda'),
('049000777888', 'Soft Drink'),
('050000246813', 'Baby Food'),
('050000246813', 'Fruit'),
('051000665544', 'Beverage'),
('051000665544', 'Juice'),
('051500123456', 'Cheese'),
('051500123456', 'Dairy'),
('073121234567', 'Canned Goods'),
('073121234567', 'Vegetables');
*/

/*
INSERT INTO Inventory (store_id, UPC, sales_price, inv_space, max_inv_space) VALUES
(1, '012000111444', 2.99, 55, 250),
(1, '012000123789', 3.49, 40, 200),
(1, '012000333222', 4.25, 65, 300),
(1, '012000998877', 5.99, 70, 320),
(1, '013000665544', 6.75, 45, 180),
(1, '013000999888', 3.99, 60, 250),
(1, '016000112233', 1.99, 38, 150),
(1, '016000333222', 2.25, 47, 170),
(1, '016000456987', 3.10, 35, 190),
(1, '016000845622', 4.50, 55, 200),
(1, '025000111333', 2.79, 42, 180),
(1, '025000867432', 2.99, 50, 210),
(1, '028000011234', 1.89, 33, 120),
(1, '028000411111', 1.99, 45, 160),
(1, '028000421111', 3.19, 40, 220),
(1, '028000812345', 2.25, 30, 140),
(1, '034567123456', 4.75, 72, 320),
(1, '034567897654', 5.25, 68, 290),
(1, '036632117788', 6.99, 60, 250),
(1, '036632145789', 3.99, 52, 260),
(1, '036632543210', 4.25, 49, 230),
(1, '036632789456', 5.50, 38, 180),
(1, '037600112233', 7.99, 77, 350),
(1, '037600123987', 8.49, 66, 300),
(1, '037600456789', 9.99, 88, 400),
(1, '037600998899', 10.50, 91, 420),
(1, '038000111222', 2.10, 32, 140),
(1, '038000223344', 2.35, 39, 160),
(1, '038000246810', 3.00, 41, 180),
(1, '038000789456', 3.50, 43, 190),
(1, '038900567123', 4.20, 48, 210),
(1, '038900998812', 4.75, 56, 240),
(1, '040000112244', 2.99, 50, 200),
(1, '040000333111', 3.50, 46, 195),
(1, '040000987123', 5.25, 58, 220),
(1, '044000112233', 6.99, 80, 350),
(1, '044000123456', 5.49, 77, 330),
(1, '044000889900', 7.99, 83, 400),
(1, '044000987654', 6.75, 71, 310),
(1, '046789334455', 4.99, 54, 260),
(1, '046789665544', 5.25, 59, 270),
(1, '046789777666', 6.10, 61, 280),
(1, '046789998877', 5.85, 66, 300),
(1, '048001111222', 1.99, 31, 150),
(1, '048001112233', 2.50, 35, 160),
(1, '048001555789', 3.75, 42, 175),
(1, '048001999111', 4.20, 47, 190),
(1, '049000222333', 5.75, 52, 220),
(1, '049000321654', 5.99, 55, 230),
(1, '049000777888', 6.25, 58, 240),
(1, '049000987654', 8.99, 95, 420),
(1, '050000246813', 9.49, 80, 350),
(1, '050000334466', 10.99, 65, 300),
(1, '051000334455', 11.49, 92, 450),
(1 '051000665544', 7.25, 43, 220),
(1, '051500123456', 3.25, 77, 310),
(1, '051500998877', 2.99, 64, 280),
(1, '073121234567', 12.99, 88, 390),
(1, '073121888777', 11.25, 85, 370);



INSERT INTO Inventory (store_id, UPC, sales_price, inv_space, max_inv_space) VALUES
(2, '012000111444', 2.99, 55, 250),
(2, '012000123789', 3.49, 40, 200),
(2, '012000333222', 4.25, 65, 300),
(2, '012000998877', 5.99, 70, 320),
(2, '013000665544', 6.75, 45, 180),
(2, '013000999888', 3.99, 60, 250),
(2, '016000112233', 1.99, 38, 150),
(2, '016000333222', 2.25, 47, 170),
(2, '016000456987', 3.10, 35, 190),
(2, '016000845622', 4.50, 55, 200),
(2, '025000111333', 2.79, 42, 180),
(2, '025000867432', 2.99, 50, 210),
(2, '028000011234', 1.89, 33, 120),
(2, '028000411111', 1.99, 45, 160),
(2, '028000421111', 3.19, 40, 220),
(2, '028000812345', 2.25, 30, 140),
(2, '034567123456', 4.75, 72, 320),
(2, '034567897654', 5.25, 68, 290),
(2, '036632117788', 6.99, 60, 250),
(2, '036632145789', 3.99, 52, 260),
(2, '036632543210', 4.25, 49, 230),
(2, '036632789456', 5.50, 38, 180),
(2, '037600112233', 7.99, 77, 350),
(2, '037600123987', 8.49, 66, 300),
(2, '037600456789', 9.99, 88, 400),
(2, '037600998899', 10.50, 91, 420),
(2, '038000111222', 2.10, 32, 140),
(2, '038000223344', 2.35, 39, 160),
(2, '038000246810', 3.00, 41, 180),
(2, '038000789456', 3.50, 43, 190),
(2, '038900567123', 4.20, 48, 210),
(2, '038900998812', 4.75, 56, 240),
(2, '040000112244', 2.99, 50, 200),
(2, '040000333111', 3.50, 46, 195),
(2, '040000987123', 5.25, 58, 220),
(2, '044000112233', 6.99, 80, 350),
(2, '044000123456', 5.49, 77, 330),
(2, '044000889900', 7.99, 83, 400),
(2, '044000987654', 6.75, 71, 310),
(2, '046789334455', 4.99, 54, 260),
(2, '046789665544', 5.25, 59, 270),
(2, '046789777666', 6.10, 61, 280),
(2, '046789998877', 5.85, 66, 300),
(2, '048001111222', 1.99, 31, 150),
(2, '048001112233', 2.50, 35, 160),
(2, '048001555789', 3.75, 42, 175),
(2, '048001999111', 4.20, 47, 190),
(2, '049000222333', 5.75, 52, 220),
(2, '049000321654', 5.99, 55, 230),
(2, '049000777888', 6.25, 58, 240),
(2, '049000987654', 8.99, 95, 420),
(2, '050000246813', 9.49, 80, 350),
(2, '050000334466', 10.99, 65, 300),
(2, '051000334455', 11.49, 92, 450),
(2, '051000665544', 7.25, 43, 220),
(2, '051500123456', 3.25, 77, 310),
(2, '051500998877', 2.99, 64, 280),
(2, '073121234567', 12.99, 88, 390),
(2, '073121888777', 11.25, 85, 370);


INSERT INTO Inventory (store_id, UPC, sales_price, inv_space, max_inv_space) VALUES
(3, '012000111444', 2.99, 55, 250),
(3, '012000123789', 3.49, 40, 200),
(3, '012000333222', 4.25, 65, 300),
(3, '012000998877', 5.99, 70, 320),
(3, '013000665544', 6.75, 45, 180),
(3, '013000999888', 3.99, 60, 250),
(3, '016000112233', 1.99, 38, 150),
(3, '016000333222', 2.25, 47, 170),
(3, '016000456987', 3.10, 35, 190),
(3, '016000845622', 4.50, 55, 200),
(3, '025000111333', 2.79, 42, 180),
(3, '025000867432', 2.99, 50, 210),
(3, '028000011234', 1.89, 33, 120),
(3, '028000411111', 1.99, 45, 160),
(3, '028000421111', 3.19, 40, 220),
(3, '028000812345', 2.25, 30, 140),
(3, '034567123456', 4.75, 72, 320),
(3, '034567897654', 5.25, 68, 290),
(3, '036632117788', 6.99, 60, 250),
(3, '036632145789', 3.99, 52, 260),
(3, '036632543210', 4.25, 49, 230),
(3, '036632789456', 5.50, 38, 180),
(3, '037600112233', 7.99, 77, 350),
(3, '037600123987', 8.49, 66, 300),
(3, '037600456789', 9.99, 88, 400),
(3, '037600998899', 10.50, 91, 420),
(3, '038000111222', 2.10, 32, 140),
(3, '038000223344', 2.35, 39, 160),
(3, '038000246810', 3.00, 41, 180),
(3, '038000789456', 3.50, 43, 190),
(3, '038900567123', 4.20, 48, 210),
(3, '038900998812', 4.75, 56, 240),
(3, '040000112244', 2.99, 50, 200),
(3, '040000333111', 3.50, 46, 195),
(3, '040000987123', 5.25, 58, 220),
(3, '044000112233', 6.99, 80, 350),
(3, '044000123456', 5.49, 77, 330),
(3, '044000889900', 7.99, 83, 400),
(3, '044000987654', 6.75, 71, 310),
(3, '046789334455', 4.99, 54, 260),
(3, '046789665544', 5.25, 59, 270),
(3, '046789777666', 6.10, 61, 280),
(3, '046789998877', 5.85, 66, 300),
(3, '048001111222', 1.99, 31, 150),
(3, '048001112233', 2.50, 35, 160),
(3, '048001555789', 3.75, 42, 175),
(3, '048001999111', 4.20, 47, 190),
(3, '049000222333', 5.75, 52, 220),
(3, '049000321654', 5.99, 55, 230),
(3, '049000777888', 6.25, 58, 240),
(3, '049000987654', 8.99, 95, 420),
(3, '050000246813', 9.49, 80, 350),
(3, '050000334466', 10.99, 65, 300),
(3, '051000334455', 11.49, 92, 450),
(3, '051000665544', 7.25, 43, 220),
(3, '051500123456', 3.25, 77, 310),
(3, '051500998877', 2.99, 64, 280),
(3, '073121234567', 12.99, 88, 390),
(3, '073121888777', 11.25, 85, 370);

INSERT INTO Inventory (store_id, UPC, sales_price, inv_space, max_inv_space) VALUES
(4, '012000111444', 2.99, 55, 250),
(4, '012000123789', 3.49, 40, 200),
(4, '012000333222', 4.25, 65, 300),
(4, '012000998877', 5.99, 70, 320),
(4, '013000665544', 6.75, 45, 180),
(4, '013000999888', 3.99, 60, 250),
(4, '016000112233', 1.99, 38, 150),
(4, '016000333222', 2.25, 47, 170),
(4, '016000456987', 3.10, 35, 190),
(4, '016000845622', 4.50, 55, 200),
(4, '025000111333', 2.79, 42, 180),
(4, '025000867432', 2.99, 50, 210),
(4, '028000011234', 1.89, 33, 120),
(4, '028000411111', 1.99, 45, 160),
(4, '028000421111', 3.19, 40, 220),
(4, '028000812345', 2.25, 30, 140),
(4, '034567123456', 4.75, 72, 320),
(4, '034567897654', 5.25, 68, 290),
(4, '036632117788', 6.99, 60, 250),
(4, '036632145789', 3.99, 52, 260),
(4, '036632543210', 4.25, 49, 230),
(4, '036632789456', 5.50, 38, 180),
(4, '037600112233', 7.99, 77, 350),
(4, '037600123987', 8.49, 66, 300),
(4, '037600456789', 9.99, 88, 400),
(4, '037600998899', 10.50, 91, 420),
(4, '038000111222', 2.10, 32, 140),
(4, '038000223344', 2.35, 39, 160),
(4, '038000246810', 3.00, 41, 180),
(4, '038000789456', 3.50, 43, 190),
(4, '038900567123', 4.20, 48, 210),
(4, '038900998812', 4.75, 56, 240),
(4, '040000112244', 2.99, 50, 200),
(4, '040000333111', 3.50, 46, 195),
(4, '040000987123', 5.25, 58, 220),
(4, '044000112233', 6.99, 80, 350),
(4, '044000123456', 5.49, 77, 330),
(4, '044000889900', 7.99, 83, 400),
(4, '044000987654', 6.75, 71, 310),
(4, '046789334455', 4.99, 54, 260),
(4, '046789665544', 5.25, 59, 270),
(4, '046789777666', 6.10, 61, 280),
(4, '046789998877', 5.85, 66, 300),
(4, '048001111222', 1.99, 31, 150),
(4, '048001112233', 2.50, 35, 160),
(4, '048001555789', 3.75, 42, 175),
(4, '048001999111', 4.20, 47, 190),
(4, '049000222333', 5.75, 52, 220),
(4, '049000321654', 5.99, 55, 230),
(4, '049000777888', 6.25, 58, 240),
(4, '049000987654', 8.99, 95, 420),
(4, '050000246813', 9.49, 80, 350),
(4, '050000334466', 10.99, 65, 300),
(4, '051000334455', 11.49, 92, 450),
(4, '051000665544', 7.25, 43, 220),
(4, '051500123456', 3.25, 77, 310),
(4, '051500998877', 2.99, 64, 280),
(4, '073121234567', 12.99, 88, 390),
(4, '073121888777', 11.25, 85, 370);

INSERT INTO Inventory (store_id, UPC, sales_price, inv_space, max_inv_space) VALUES
(5, '012000111444', 2.99, 55, 250),
(5, '012000123789', 3.49, 40, 200),
(5, '012000333222', 4.25, 65, 300),
(5, '012000998877', 5.99, 70, 320),
(5, '013000665544', 6.75, 45, 180),
(5, '013000999888', 3.99, 60, 250),
(5, '016000112233', 1.99, 38, 150),
(5, '016000333222', 2.25, 47, 170),
(5, '016000456987', 3.10, 35, 190),
(5, '016000845622', 4.50, 55, 200),
(5, '025000111333', 2.79, 42, 180),
(5, '025000867432', 2.99, 50, 210),
(5, '028000011234', 1.89, 33, 120),
(5, '028000411111', 1.99, 45, 160),
(5, '028000421111', 3.19, 40, 220),
(5, '028000812345', 2.25, 30, 140),
(5, '034567123456', 4.75, 72, 320),
(5, '034567897654', 5.25, 68, 290),
(5, '036632117788', 6.99, 60, 250),
(5, '036632145789', 3.99, 52, 260),
(5, '036632543210', 4.25, 49, 230),
(5, '036632789456', 5.50, 38, 180),
(5, '037600112233', 7.99, 77, 350),
(5, '037600123987', 8.49, 66, 300),
(5, '037600456789', 9.99, 88, 400),
(5, '037600998899', 10.50, 91, 420),
(5, '038000111222', 2.10, 32, 140),
(5, '038000223344', 2.35, 39, 160),
(5, '038000246810', 3.00, 41, 180),
(5, '038000789456', 3.50, 43, 190),
(5, '038900567123', 4.20, 48, 210),
(5, '038900998812', 4.75, 56, 240),
(5, '040000112244', 2.99, 50, 200),
(5, '040000333111', 3.50, 46, 195),
(5, '040000987123', 5.25, 58, 220),
(5, '044000112233', 6.99, 80, 350),
(5, '044000123456', 5.49, 77, 330),
(5, '044000889900', 7.99, 83, 400),
(5, '044000987654', 6.75, 71, 310),
(5, '046789334455', 4.99, 54, 260),
(5, '046789665544', 5.25, 59, 270),
(5, '046789777666', 6.10, 61, 280),
(5, '046789998877', 5.85, 66, 300),
(5, '048001111222', 1.99, 31, 150),
(5, '048001112233', 2.50, 35, 160),
(5, '048001555789', 3.75, 42, 175),
(5, '048001999111', 4.20, 47, 190),
(5, '049000222333', 5.75, 52, 220),
(5, '049000321654', 5.99, 55, 230),
(5, '049000777888', 6.25, 58, 240),
(5, '049000987654', 8.99, 95, 420),
(5, '050000246813', 9.49, 80, 350),
(5, '050000334466', 10.99, 65, 300),
(5, '051000334455', 11.49, 92, 450),
(5, '051000665544', 7.25, 43, 220),
(5, '051500123456', 3.25, 77, 310),
(5, '051500998877', 2.99, 64, 280),
(5, '073121234567', 12.99, 88, 390),
(5, '073121888777', 11.25, 85, 370);

-- Store ID = 6 (only 5 products with 0 inventory)
INSERT INTO Inventory (store_id, UPC, sales_price, inv_space, max_inv_space) VALUES
(6, '012000111444', 8.53, 189, 370),
(6, '012000123789', 6.34, 281, 595),
(6, '012000333222', 7.8, 18, 183),
(6, '012000998877', 8.01, 371, 540),
(6, '013000665544', 6.32, 428, 469),
(6, '013000999888', 9.2, 56, 180),
(6, '016000112233', 6.7, 84, 441),
(6, '016000333222', 2.52, 0, 505),
(6, '016000456987', 8.4, 319, 372),
(6, '016000845622', 2.49, 46, 376),
(6, '025000111333', 7.49, 96, 411),
(6, '025000867432', 7.77, 394, 421),
(6, '028000011234', 3.7, 218, 442),
(6, '028000411111', 8.06, 23, 177),
(6, '028000421111', 10.75, 44, 234),
(6, '028000812345', 2.13, 63, 495),
(6, '034567123456', 11.05, 359, 463),
(6, '034567897654', 11.46, 97, 279),
(6, '036632117788', 10.05, 64, 314),
(6, '036632145789', 6.64, 277, 598),
(6, '036632543210', 5.89, 110, 204),
(6, '036632789456', 3.46, 202, 335),
(6, '037600112233', 7.38, 0, 375),
(6, '037600123987', 1.95, 36, 158),
(6, '037600456789', 11.29, 0, 594),
(6, '037600998899', 2.21, 98, 214),
(6, '038000111222', 11.15, 37, 191),
(6, '038000223344', 4.13, 309, 469),
(6, '038000246810', 11.28, 277, 501),
(6, '038000789456', 12.91, 200, 490),
(6, '038900567123', 4.37, 35, 281),
(6, '038900998812', 9.64, 97, 252),
(6, '040000112244', 10.27, 415, 561),
(6, '040000333111', 4.16, 235, 516),
(6, '040000987123', 7.29, 542, 567),
(6, '044000112233', 12.29, 465, 576),
(6, '044000123456', 2.76, 336, 429),
(6, '044000889900', 2.2, 375, 393),
(6, '044000987654', 1.52, 315, 434),
(6, '046789334455', 6.34, 232, 256),
(6, '046789665544', 7.64, 393, 596),
(6, '046789777666', 2.8, 198, 361),
(6, '046789998877', 7.66, 92, 274),
(6, '048001111222', 8.17, 0, 328),
(6, '048001112233', 8.94, 36, 229),
(6, '048001555789', 9.02, 98, 410),
(6, '048001999111', 4.51, 31, 493),
(6, '049000222333', 6.39, 10, 188),
(6, '049000321654', 5.41, 141, 284),
(6, '049000777888', 13.0, 190, 580),
(6, '049000987654', 4.72, 36, 294),
(6, '050000246813', 6.22, 40, 179),
(6, '050000334466', 9.37, 177, 418),
(6, '051000334455', 8.5, 266, 451),
(6, '051000665544', 2.1, 205, 455),
(6, '051500123456', 4.66, 275, 490),
(6, '051500998877', 1.7, 258, 523),
(6, '073121234567', 11.49, 175, 212),
(6, '073121888777', 8.88, 0, 195);

-- Store ID = 7 (only 5 products with 0 inventory)
INSERT INTO Inventory (store_id, UPC, sales_price, inv_space, max_inv_space) VALUES
(7, '012000111444', 7.81, 138, 373),
(7, '012000123789', 6.29, 347, 384),
(7, '012000333222', 5.64, 120, 270),
(7, '012000998877', 6.9, 0, 213),
(7, '013000665544', 3.2, 117, 275),
(7, '013000999888', 6.64, 58, 166),
(7, '016000112233', 9.13, 0, 248),
(7, '016000333222', 12.66, 255, 303),
(7, '016000456987', 6.41, 34, 225),
(7, '016000845622', 6.37, 16, 159),
(7, '025000111333', 11.8, 84, 518),
(7, '025000867432', 3.06, 448, 568),
(7, '028000011234', 4.54, 71, 479),
(7, '028000411111', 2.84, 125, 554),
(7, '028000421111', 12.3, 319, 332),
(7, '028000812345', 8.64, 78, 258),
(7, '034567123456', 6.04, 148, 254),
(7, '034567897654', 11.87, 164, 323),
(7, '036632117788', 6.11, 45, 151),
(7, '036632145789', 10.16, 172, 201),
(7, '036632543210', 11.89, 161, 170),
(7, '036632789456', 1.83, 323, 432),
(7, '037600112233', 11.82, 166, 371),
(7, '037600123987', 10.56, 198, 315),
(7, '037600456789', 5.71, 263, 446),
(7, '037600998899', 9.7, 163, 241),
(7, '038000111222', 2.84, 263, 441),
(7, '038000223344', 8.65, 210, 280),
(7, '038000246810', 10.95, 151, 314),
(7, '038000789456', 6.2, 175, 386),
(7, '038900567123', 8.89, 185, 189),
(7, '038900998812', 6.53, 260, 428),
(7, '040000112244', 5.17, 0, 213),
(7, '040000333111', 5.89, 137, 519),
(7, '040000987123', 2.05, 428, 462),
(7, '044000112233', 9.23, 94, 342),
(7, '044000123456', 9.4, 164, 192),
(7, '044000889900', 3.47, 250, 330),
(7, '044000987654', 5.96, 28, 415),
(7, '046789334455', 5.08, 397, 503),
(7, '046789665544', 11.26, 169, 247),
(7, '046789777666', 9.36, 411, 492),
(7, '046789998877', 6.02, 282, 547),
(7, '048001111222', 7.98, 132, 207),
(7, '048001112233', 2.28, 389, 557),
(7, '048001555789', 8.41, 117, 188),
(7, '048001999111', 3.24, 226, 261),
(7, '049000222333', 1.8, 261, 574),
(7, '049000321654', 6.67, 114, 151),
(7, '049000777888', 6.05, 0, 525),
(7, '049000987654', 7.39, 92, 539),
(7, '050000246813', 4.9, 202, 516),
(7, '050000334466', 8.4, 22, 243),
(7, '051000334455', 12.28, 159, 196),
(7, '051000665544', 3.12, 17, 510),
(7, '051500123456', 3.03, 231, 279),
(7, '051500998877', 11.5, 0, 529),
(7, '073121234567', 12.88, 289, 390),
(7, '073121888777', 1.85, 244, 600);

-- Store ID = 8 (only 5 products with 0 inventory)
INSERT INTO Inventory (store_id, UPC, sales_price, inv_space, max_inv_space) VALUES
(8, '012000111444', 6.68, 112, 352),
(8, '012000123789', 6.47, 192, 429),
(8, '012000333222', 5.51, 158, 301),
(8, '012000998877', 3.85, 243, 393),
(8, '013000665544', 8.98, 17, 187),
(8, '013000999888', 9.78, 51, 176),
(8, '016000112233', 10.6, 245, 267),
(8, '016000333222', 2.99, 85, 498),
(8, '016000456987', 9.88, 0, 371),
(8, '016000845622', 6.08, 180, 243),
(8, '025000111333', 5.53, 140, 341),
(8, '025000867432', 12.75, 84, 535),
(8, '028000011234', 7.17, 15, 406),
(8, '028000411111', 3.04, 57, 168),
(8, '028000421111', 4.73, 109, 194),
(8, '028000812345', 3.1, 220, 256),
(8, '034567123456', 9.45, 428, 528),
(8, '034567897654', 10.08, 221, 421),
(8, '036632117788', 10.81, 27, 182),
(8, '036632145789', 5.03, 222, 362),
(8, '036632543210', 4.36, 222, 242),
(8, '036632789456', 5.38, 292, 519),
(8, '037600112233', 12.87, 84, 451),
(8, '037600123987', 8.82, 147, 363),
(8, '037600456789', 5.8, 283, 334),
(8, '037600998899', 7.9, 134, 208),
(8, '038000111222', 7.36, 191, 308),
(8, '038000223344', 10.72, 244, 507),
(8, '038000246810', 11.86, 219, 253),
(8, '038000789456', 11.03, 404, 497),
(8, '038900567123', 7.48, 0, 213),
(8, '038900998812', 11.33, 23, 214),
(8, '040000112244', 9.49, 211, 366),
(8, '040000333111', 12.87, 187, 399),
(8, '040000987123', 2.43, 214, 315),
(8, '044000112233', 2.27, 455, 474),
(8, '044000123456', 5.82, 38, 354),
(8, '044000889900', 1.89, 446, 487),
(8, '044000987654', 9.15, 37, 385),
(8, '046789334455', 3.31, 232, 232),
(8, '046789665544', 12.11, 0, 448),
(8, '046789777666', 5.61, 0, 517),
(8, '046789998877', 1.73, 511, 560),
(8, '048001111222', 5.17, 352, 581),
(8, '048001112233', 9.68, 232, 463),
(8, '048001555789', 5.38, 42, 182),
(8, '048001999111', 9.7, 295, 358),
(8, '049000222333', 6.3, 49, 311),
(8, '049000321654', 3.5, 25, 382),
(8, '049000777888', 9.26, 424, 470),
(8, '049000987654', 4.31, 286, 305),
(8, '050000246813', 2.11, 0, 362),
(8, '050000334466', 2.3, 309, 405),
(8, '051000334455', 1.97, 200, 232),
(8, '051000665544', 9.95, 400, 421),
(8, '051500123456', 12.43, 13, 500),
(8, '051500998877', 1.96, 169, 279),
(8, '073121234567', 4.56, 124, 409),
(8, '073121888777', 2.43, 189, 209);

-- Store ID = 9 (only 5 products with 0 inventory)
INSERT INTO Inventory (store_id, UPC, sales_price, inv_space, max_inv_space) VALUES
(9, '012000111444', 4.35, 35, 150),
(9, '012000123789', 4.79, 216, 536),
(9, '012000333222', 2.1, 347, 490),
(9, '012000998877', 2.36, 390, 551),
(9, '013000665544', 4.04, 242, 273),
(9, '013000999888', 2.54, 229, 382),
(9, '016000112233', 7.01, 329, 406),
(9, '016000333222', 4.06, 163, 427),
(9, '016000456987', 2.04, 197, 203),
(9, '016000845622', 11.18, 142, 240),
(9, '025000111333', 8.06, 0, 314),
(9, '025000867432', 6.64, 170, 478),
(9, '028000011234', 1.89, 465, 492),
(9, '028000411111', 6.55, 130, 566),
(9, '028000421111', 10.04, 49, 153),
(9, '028000812345', 2.07, 119, 269),
(9, '034567123456', 8.84, 24, 436),
(9, '034567897654', 6.33, 73, 234),
(9, '036632117788', 7.62, 336, 459),
(9, '036632145789', 1.76, 281, 502),
(9, '036632543210', 5.31, 0, 585),
(9, '036632789456', 7.86, 99, 323),
(9, '037600112233', 9.16, 364, 429),
(9, '037600123987', 1.53, 151, 324),
(9, '037600456789', 3.64, 0, 469),
(9, '037600998899', 5.92, 46, 352),
(9, '038000111222', 7.7, 208, 347),
(9, '038000223344', 4.85, 121, 381),
(9, '038000246810', 12.56, 81, 371),
(9, '038000789456', 7.2, 174, 482),
(9, '038900567123', 6.95, 123, 266),
(9, '038900998812', 10.42, 425, 447),
(9, '040000112244', 12.39, 26, 265),
(9, '040000333111', 6.59, 184, 224),
(9, '040000987123', 4.55, 136, 166),
(9, '044000112233', 8.48, 178, 235),
(9, '044000123456', 11.55, 65, 460),
(9, '044000889900', 8.56, 31, 289),
(9, '044000987654', 9.86, 157, 226),
(9, '046789334455', 4.65, 494, 574),
(9, '046789665544', 4.36, 138, 545),
(9, '046789777666', 9.47, 98, 298),
(9, '046789998877', 10.94, 175, 553),
(9, '048001111222', 2.11, 0, 259),
(9, '048001112233', 6.7, 171, 173),
(9, '048001555789', 5.8, 19, 173),
(9, '048001999111', 8.44, 321, 472),
(9, '049000222333', 9.2, 134, 154),
(9, '049000321654', 11.43, 330, 430),
(9, '049000777888', 3.53, 113, 229),
(9, '049000987654', 3.99, 356, 427),
(9, '050000246813', 7.0, 106, 192),
(9, '050000334466', 2.57, 195, 210),
(9, '051000334455', 5.14, 0, 458),
(9, '051000665544', 1.98, 47, 188),
(9, '051500123456', 1.54, 22, 361),
(9, '051500998877', 4.24, 103, 437),
(9, '073121234567', 2.77, 146, 419),
(9, '073121888777', 5.43, 116, 404);

-- Store ID = 10 (only 5 products with 0 inventory)
INSERT INTO Inventory (store_id, UPC, sales_price, inv_space, max_inv_space) VALUES
(10, '012000111444', 12.51, 102, 395),
(10, '012000123789', 12.49, 0, 216),
(10, '012000333222', 10.36, 457, 560),
(10, '012000998877', 6.96, 183, 210),
(10, '013000665544', 10.11, 57, 153),
(10, '013000999888', 9.0, 89, 229),
(10, '016000112233', 10.91, 0, 413),
(10, '016000333222', 5.78, 22, 323),
(10, '016000456987', 6.82, 45, 396),
(10, '016000845622', 9.14, 197, 257),
(10, '025000111333', 12.91, 362, 569),
(10, '025000867432', 8.74, 51, 568),
(10, '028000011234', 7.78, 85, 541),
(10, '028000411111', 11.47, 244, 390),
(10, '028000421111', 2.12, 65, 240),
(10, '028000812345', 6.36, 375, 495),
(10, '034567123456', 7.72, 0, 362),
(10, '034567897654', 10.0, 142, 179),
(10, '036632117788', 9.4, 27, 551),
(10, '036632145789', 4.79, 43, 559),
(10, '036632543210', 10.45, 180, 305),
(10, '036632789456', 8.23, 597, 599),
(10, '037600112233', 10.35, 64, 187),
(10, '037600123987', 3.52, 308, 324),
(10, '037600456789', 2.14, 77, 519),
(10, '037600998899', 2.51, 17, 150),
(10, '038000111222', 7.62, 17, 391),
(10, '038000223344', 3.29, 396, 567),
(10, '038000246810', 11.4, 394, 418),
(10, '038000789456', 3.5, 158, 290),
(10, '038900567123', 4.82, 164, 225),
(10, '038900998812', 5.75, 416, 527),
(10, '040000112244', 10.83, 337, 574),
(10, '040000333111', 6.13, 264, 269),
(10, '040000987123', 9.68, 227, 555),
(10, '044000112233', 11.09, 84, 313),
(10, '044000123456', 4.1, 249, 394),
(10, '044000889900', 1.7, 339, 444),
(10, '044000987654', 1.59, 425, 462),
(10, '046789334455', 8.63, 117, 223),
(10, '046789665544', 10.94, 90, 198),
(10, '046789777666', 6.22, 0, 420),
(10, '046789998877', 4.02, 177, 330),
(10, '048001111222', 1.78, 149, 182),
(10, '048001112233', 6.56, 157, 414),
(10, '048001555789', 5.43, 183, 293),
(10, '048001999111', 10.5, 54, 548),
(10, '049000222333', 12.95, 121, 442),
(10, '049000321654', 12.66, 134, 252),
(10, '049000777888', 10.07, 404, 578),
(10, '049000987654', 8.72, 113, 276),
(10, '050000246813', 7.83, 467, 572),
(10, '050000334466', 2.62, 326, 355),
(10, '051000334455', 11.24, 162, 446),
(10, '051000665544', 8.35, 0, 321),
(10, '051500123456', 3.91, 76, 266),
(10, '051500998877', 11.34, 173, 208),
(10, '073121234567', 6.4, 57, 220),
(10, '073121888777', 6.6, 170, 261);

INSERT INTO Inventory (store_id, UPC, sales_price, inv_space, max_inv_space) VALUES
(11, '012000111444', 3, 145, 302),
(11, '012000123789', 3, 28, 50),
(11, '012000333222', 4, 105, 302),
(11, '012000998877', 6, 79, 116),
(11, '013000665544', 7, 101, 220),
(11, '013000999888', 4, 145, 202),
(11, '016000112233', 2, 10, 94),
(11, '016000333222', 2, 142, 262),
(11, '016000456987', 3, 126, 262),
(11, '016000845622', 5, 94, 264),
(11, '025000111333', 3, 98, 229),
(11, '025000867432', 3, 48, 70),
(11, '028000011234', 2, 109, 158),
(11, '028000411111', 2, 109, 195),
(11, '028000421111', 3, 67, 172),
(11, '028000812345', 2, 85, 219),
(11, '034567123456', 5, 113, 288),
(11, '034567897654', 5, 73, 145),
(11, '036632117788', 7, 42, 207),
(11, '036632145789', 4, 60, 191),
(11, '036632543210', 4, 37, 110),
(11, '036632789456', 6, 86, 149),
(11, '037600112233', 8, 17, 101),
(11, '037600123987', 8, 47, 150),
(11, '037600456789', 10, 25, 86),
(11, '037600998899', 11, 34, 133),
(11, '038000111222', 2, 41, 187),
(11, '038000223344', 2, 39, 185),
(11, '038000246810', 3, 56, 71),
(11, '038000789456', 4, 143, 247),
(11, '038900567123', 4, 66, 230),
(11, '038900998812', 5, 143, 326),
(11, '040000112244', 3, 13, 81),
(11, '040000333111', 4, 145, 226),
(11, '040000987123', 5, 32, 57),
(11, '044000112233', 7, 87, 100),
(11, '044000123456', 5, 100, 226),
(11, '044000889900', 8, 90, 163),
(11, '044000987654', 7, 43, 112),
(11, '046789334455', 5, 88, 221),
(11, '046789665544', 5, 61, 144),
(11, '046789777666', 6, 79, 151),
(11, '046789998877', 6, 83, 145),
(11, '048001111222', 2, 26, 70),
(11, '048001112233', 3, 94, 226),
(11, '048001555789', 4, 85, 134),
(11, '048001999111', 4, 49, 60),
(11, '049000222333', 6, 117, 262),
(11, '049000321654', 6, 81, 194),
(11, '049000777888', 6, 28, 226),
(11, '049000987654', 9, 136, 195),
(11, '050000246813', 9, 34, 214),
(11, '050000334466', 11, 143, 270),
(11, '051000334455', 11, 65, 259),
(11, '051000665544', 7, 118, 167),
(11, '051500123456', 3, 144, 319),
(11, '051500998877', 3, 124, 139),
(11, '073121234567', 13, 135, 249),
(11, '073121888777', 11, 84, 142);

INSERT INTO Inventory (store_id, UPC, sales_price, inv_space, max_inv_space) VALUES
(12, '012000111444', 3, 71, 127),
(12, '012000123789', 3, 84, 253),
(12, '012000333222', 4, 56, 165),
(12, '012000998877', 6, 40, 139),
(12, '013000665544', 7, 20, 217),
(12, '013000999888', 4, 121, 213),
(12, '016000112233', 2, 43, 129),
(12, '016000333222', 2, 24, 213),
(12, '016000456987', 3, 47, 169),
(12, '016000845622', 5, 78, 229),
(12, '025000111333', 3, 40, 159),
(12, '025000867432', 3, 76, 221),
(12, '028000011234', 2, 17, 124),
(12, '028000411111', 2, 118, 246),
(12, '028000421111', 3, 59, 174),
(12, '028000812345', 2, 90, 271),
(12, '034567123456', 5, 56, 232),
(12, '034567897654', 5, 46, 243),
(12, '036632117788', 7, 69, 239),
(12, '036632145789', 4, 64, 194),
(12, '036632543210', 4, 83, 147),
(12, '036632789456', 6, 14, 160),
(12, '037600112233', 8, 89, 204),
(12, '037600123987', 8, 117, 246),
(12, '037600456789', 10, 77, 285),
(12, '037600998899', 11, 123, 322),
(12, '038000111222', 2, 129, 276),
(12, '038000223344', 2, 132, 321),
(12, '038000246810', 3, 95, 213),
(12, '038000789456', 4, 103, 277),
(12, '038900567123', 4, 85, 212),
(12, '038900998812', 5, 140, 280),
(12, '040000112244', 3, 118, 275),
(12, '040000333111', 4, 69, 157),
(12, '040000987123', 5, 92, 239),
(12, '044000112233', 7, 44, 182),
(12, '044000123456', 5, 23, 204),
(12, '044000889900', 8, 45, 136),
(12, '044000987654', 7, 81, 245),
(12, '046789334455', 5, 125, 233),
(12, '046789665544', 5, 92, 155),
(12, '046789777666', 6, 100, 286),
(12, '046789998877', 6, 13, 154),
(12, '048001111222', 2, 14, 103),
(12, '048001112233', 3, 18, 128),
(12, '048001555789', 4, 79, 174),
(12, '048001999111', 4, 14, 174),
(12, '049000222333', 6, 98, 176),
(12, '049000321654', 6, 37, 137),
(12, '049000777888', 6, 101, 256),
(12, '049000987654', 9, 92, 185),
(12, '050000246813', 9, 44, 204),
(12, '050000334466', 11, 81, 144),
(12, '051000334455', 11, 74, 264),
(12, '051000665544', 7, 103, 148),
(12, '051500123456', 3, 128, 271),
(12, '051500998877', 3, 110, 265),
(12, '073121234567', 13, 96, 295),
(12, '073121888777', 11, 55, 197);

INSERT INTO Inventory (store_id, UPC, sales_price, inv_space, max_inv_space) VALUES
(13, '012000111444', 3, 112, 210),
(13, '012000123789', 3, 140, 252),
(13, '012000333222', 4, 0, 176),
(13, '012000998877', 6, 67, 198),
(13, '013000665544', 7, 0, 212),
(13, '013000999888', 4, 93, 208),
(13, '016000112233', 2, 63, 194),
(13, '016000333222', 2, 85, 230),
(13, '016000456987', 3, 102, 222),
(13, '016000845622', 5, 91, 214),
(13, '025000111333', 3, 132, 246),
(13, '025000867432', 3, 75, 204),
(13, '028000011234', 2, 83, 163),
(13, '028000411111', 2, 141, 296),
(13, '028000421111', 3, 0, 178),
(13, '028000812345', 2, 44, 192),
(13, '034567123456', 5, 89, 239),
(13, '034567897654', 5, 96, 243),
(13, '036632117788', 7, 114, 280),
(13, '036632145789', 4, 75, 234),
(13, '036632543210', 4, 99, 229),
(13, '036632789456', 6, 0, 206),
(13, '037600112233', 8, 117, 295),
(13, '037600123987', 8, 94, 257),
(13, '037600456789', 10, 76, 248),
(13, '037600998899', 11, 111, 212),
(13, '038000111222', 2, 84, 204),
(13, '038000223344', 2, 106, 238),
(13, '038000246810', 3, 100, 186),
(13, '038000789456', 4, 98, 260),
(13, '038900567123', 4, 73, 212),
(13, '038900998812', 5, 91, 209),
(13, '040000112244', 3, 139, 270),
(13, '040000333111', 4, 115, 229),
(13, '040000987123', 5, 107, 234),
(13, '044000112233', 7, 122, 255),
(13, '044000123456', 5, 135, 288),
(13, '044000889900', 8, 124, 210),
(13, '044000987654', 7, 94, 187),
(13, '046789334455', 5, 92, 198),
(13, '046789665544', 5, 81, 210),
(13, '046789777666', 6, 116, 289),
(13, '046789998877', 6, 109, 243),
(13, '048001111222', 2, 118, 251),
(13, '048001112233', 3, 92, 182),
(13, '048001555789', 4, 103, 217),
(13, '048001999111', 4, 132, 289),
(13, '049000222333', 6, 100, 238),
(13, '049000321654', 6, 94, 202),
(13, '049000777888', 6, 70, 229),
(13, '049000987654', 9, 107, 244),
(13, '050000246813', 9, 121, 278),
(13, '050000334466', 11, 111, 271),
(13, '051000334455', 11, 97, 255),
(13, '051000665544', 7, 117, 260),
(13, '051500123456', 3, 129, 285),
(13, '051500998877', 3, 141, 296),
(13, '073121234567', 13, 133, 267),
(13, '073121888777', 11, 83, 261);

INSERT INTO Inventory (store_id, UPC, sales_price, inv_space, max_inv_space) VALUES
(14, '012000111444', 3, 87, 214),
(14, '012000123789', 3, 123, 240),
(14, '012000333222', 3, 75, 165),  -- Lower price
(14, '012000998877', 6, 66, 198),
(14, '013000665544', 6, 102, 217), -- Lower price
(14, '013000999888', 4, 89, 196),
(14, '016000112233', 2, 105, 203),
(14, '016000333222', 2, 84, 221),
(14, '016000456987', 3, 93, 212),
(14, '016000845622', 5, 115, 224),
(14, '025000111333', 3, 137, 273),
(14, '025000867432', 3, 68, 201),
(14, '028000011234', 2, 79, 190),
(14, '028000411111', 2, 140, 296),
(14, '028000421111', 3, 97, 226),
(14, '028000812345', 2, 76, 184),
(14, '034567123456', 5, 105, 235),
(14, '034567897654', 5, 129, 279),
(14, '036632117788', 7, 107, 248),
(14, '036632145789', 4, 101, 232),
(14, '036632543210', 4, 82, 227),
(14, '036632789456', 6, 119, 225),
(14, '037600112233', 8, 131, 274),
(14, '037600123987', 8, 97, 249),
(14, '037600456789', 10, 124, 272),
(14, '037600998899', 10, 122, 275), -- Lower price
(14, '038000111222', 2, 136, 284),
(14, '038000223344', 2, 108, 237),
(14, '038000246810', 3, 93, 231),
(14, '038000789456', 4, 100, 247),
(14, '038900567123', 4, 109, 234),
(14, '038900998812', 5, 133, 295),
(14, '040000112244', 3, 128, 275),
(14, '040000333111', 4, 107, 233),
(14, '040000987123', 5, 112, 280),
(14, '044000112233', 7, 83, 258),
(14, '044000123456', 5, 128, 248),
(14, '044000889900', 8, 111, 209),
(14, '044000987654', 6, 106, 243), -- Lower price
(14, '046789334455', 5, 123, 246),
(14, '046789665544', 5, 113, 241),
(14, '046789777666', 6, 94, 235),
(14, '046789998877', 6, 108, 267),
(14, '048001111222', 2, 115, 278),
(14, '048001112233', 3, 130, 274),
(14, '048001555789', 4, 124, 296),
(14, '048001999111', 4, 99, 220),
(14, '049000222333', 6, 92, 234),
(14, '049000321654', 6, 104, 246),
(14, '049000777888', 6, 127, 290),
(14, '049000987654', 9, 93, 202),
(14, '050000246813', 9, 120, 269),
(14, '050000334466', 11, 129, 289),
(14, '051000334455', 11, 115, 276),
(14, '051000665544', 6, 91, 186), -- Lower price
(14, '051500123456', 3, 119, 267),
(14, '051500998877', 3, 100, 219),
(14, '073121234567', 13, 131, 287),
(14, '073121888777', 11, 127, 259);

INSERT INTO Inventory (store_id, UPC, sales_price, inv_space, max_inv_space) VALUES
(15, '012000111444', 3, 94, 230),
(15, '012000123789', 3, 101, 220),
(15, '012000333222', 3, 81, 177),  -- Lower price
(15, '012000998877', 6, 72, 198),
(15, '013000665544', 6, 107, 215), -- Lower price
(15, '013000999888', 4, 88, 206),
(15, '016000112233', 2, 99, 202),
(15, '016000333222', 2, 91, 231),
(15, '016000456987', 3, 103, 215),
(15, '016000845622', 5, 110, 222),
(15, '025000111333', 3, 128, 268),
(15, '025000867432', 3, 77, 209),
(15, '028000011234', 2, 84, 191),
(15, '028000411111', 2, 138, 295),
(15, '028000421111', 3, 96, 218),
(15, '028000812345', 2, 70, 189),
(15, '034567123456', 5, 97, 230),
(15, '034567897654', 5, 111, 255),
(15, '036632117788', 7, 102, 252),
(15, '036632145789', 4, 94, 227),
(15, '036632543210', 4, 83, 219),
(15, '036632789456', 6, 105, 230),
(15, '037600112233', 8, 120, 273),
(15, '037600123987', 8, 89, 246),
(15, '037600456789', 10, 112, 260),
(15, '037600998899', 10, 100, 270), -- Lower price
(15, '038000111222', 2, 130, 277),
(15, '038000223344', 2, 95, 232),
(15, '038000246810', 3, 86, 190),
(15, '038000789456', 4, 92, 229),
(15, '038900567123', 4, 110, 233),
(15, '038900998812', 5, 125, 287),
(15, '040000112244', 3, 120, 261),
(15, '040000333111', 4, 108, 229),
(15, '040000987123', 5, 97, 235),
(15, '044000112233', 7, 80, 245),
(15, '044000123456', 5, 110, 239),
(15, '044000889900', 8, 116, 206),
(15, '044000987654', 6, 95, 218),  -- Lower price
(15, '046789334455', 5, 101, 211),
(15, '046789665544', 5, 104, 230),
(15, '046789777666', 6, 90, 218),
(15, '046789998877', 6, 103, 259),
(15, '048001111222', 2, 113, 254),
(15, '048001112233', 3, 109, 240),
(15, '048001555789', 4, 111, 263),
(15, '048001999111', 4, 95, 207),
(15, '049000222333', 6, 102, 230),
(15, '049000321654', 6, 100, 238),
(15, '049000777888', 6, 116, 279),
(15, '049000987654', 9, 90, 194),
(15, '050000246813', 9, 108, 248),
(15, '050000334466', 11, 120, 282),
(15, '051000334455', 11, 101, 270),
(15, '051000665544', 6, 85, 196),  -- Lower price
(15, '051500123456', 3, 114, 272),
(15, '051500998877', 3, 101, 211),
(15, '073121234567', 13, 118, 260),
(15, '073121888777', 11, 124, 261);

INSERT INTO Inventory (store_id, UPC, sales_price, inv_space, max_inv_space) VALUES
(16, '012000111444', 3, 97, 235),
(16, '012000123789', 3, 106, 225),
(16, '012000333222', 4, 82, 179),
(16, '012000998877', 6, 74, 201),
(16, '013000665544', 7, 109, 218),
(16, '013000999888', 4, 91, 209),
(16, '016000112233', 2, 101, 205),
(16, '016000333222', 2, 93, 233),
(16, '016000456987', 3, 105, 218),
(16, '016000845622', 5, 113, 225),
(16, '025000111333', 3, 132, 270),
(16, '025000867432', 3, 79, 213),
(16, '028000011234', 2, 86, 193),
(16, '028000411111', 2, 140, 297),
(16, '028000421111', 3, 99, 220),
(16, '028000812345', 2, 72, 192),
(16, '034567123456', 5, 100, 233),
(16, '034567897654', 5, 113, 258),
(16, '036632117788', 7, 105, 254),
(16, '036632145789', 4, 97, 230),
(16, '036632543210', 4, 85, 222),
(16, '036632789456', 6, 108, 233),
(16, '037600112233', 8, 123, 276),
(16, '037600123987', 8, 92, 249),
(16, '037600456789', 10, 114, 263),
(16, '037600998899', 9, 102, 270),  -- Lower price
(16, '038000111222', 2, 133, 280),
(16, '038000223344', 2, 97, 234),
(16, '038000246810', 3, 88, 192),
(16, '038000789456', 4, 95, 232),
(16, '038900567123', 4, 112, 236),
(16, '038900998812', 5, 128, 290),
(16, '040000112244', 3, 122, 264),
(16, '040000333111', 4, 111, 232),
(16, '040000987123', 5, 99, 238),
(16, '044000112233', 7, 82, 248),
(16, '044000123456', 5, 113, 242),
(16, '044000889900', 8, 119, 209),
(16, '044000987654', 5, 98, 218),  -- Lower price
(16, '046789334455', 5, 104, 213),
(16, '046789665544', 5, 107, 233),
(16, '046789777666', 6, 93, 221),
(16, '046789998877', 6, 106, 262),
(16, '048001111222', 2, 116, 257),
(16, '048001112233', 3, 111, 243),
(16, '048001555789', 4, 114, 266),
(16, '048001999111', 4, 98, 210),
(16, '049000222333', 6, 105, 233),
(16, '049000321654', 6, 103, 241),
(16, '049000777888', 6, 119, 282),
(16, '049000987654', 8, 93, 197),  -- Lower price
(16, '050000246813', 9, 111, 251),
(16, '050000334466', 11, 123, 285),
(16, '051000334455', 11, 104, 273),
(16, '051000665544', 6, 88, 199),
(16, '051500123456', 3, 117, 275),
(16, '051500998877', 3, 104, 214),
(16, '073121234567', 13, 121, 263),
(16, '073121888777', 10, 127, 261);  -- Lower price

INSERT INTO Inventory (store_id, UPC, sales_price, inv_space, max_inv_space) VALUES
(17, '012000111444', 3, 92, 230),
(17, '012000123789', 3, 88, 210),
(17, '012000333222', 4, 96, 198),
(17, '012000998877', 6, 103, 237),
(17, '013000665544', 7, 114, 245),
(17, '013000999888', 4, 89, 226),
(17, '016000112233', 2, 101, 210),
(17, '016000333222', 2, 85, 219),
(17, '016000456987', 3, 106, 230),
(17, '016000845622', 5, 113, 235),
(17, '025000111333', 3, 118, 263),
(17, '025000867432', 3, 0, 240),             -- 0 inventory
(17, '028000011234', 2, 0, 222),             -- 0 inventory
(17, '028000411111', 2, 133, 287),
(17, '028000421111', 3, 104, 226),
(17, '028000812345', 2, 74, 195),
(17, '034567123456', 5, 101, 240),
(17, '034567897654', 5, 114, 265),
(17, '036632117788', 7, 107, 262),
(17, '036632145789', 4, 91, 233),
(17, '036632543210', 4, 86, 229),
(17, '036632789456', 6, 97, 237),
(17, '037600112233', 8, 124, 278),
(17, '037600123987', 8, 99, 259),
(17, '037600456789', 10, 0, 270),            -- 0 inventory
(17, '037600998899', 9, 103, 276),
(17, '038000111222', 2, 132, 281),
(17, '038000223344', 2, 100, 235),
(17, '038000246810', 3, 87, 199),
(17, '038000789456', 4, 0, 240),             -- 0 inventory
(17, '038900567123', 4, 109, 239),
(17, '038900998812', 5, 127, 298),
(17, '040000112244', 3, 121, 266),
(17, '040000333111', 4, 110, 238),
(17, '040000987123', 5, 96, 243),
(17, '044000112233', 7, 84, 256),
(17, '044000123456', 5, 114, 247),
(17, '044000889900', 8, 118, 211),
(17, '044000987654', 6, 101, 221),
(17, '046789334455', 5, 106, 221),
(17, '046789665544', 5, 108, 235),
(17, '046789777666', 6, 95, 225),
(17, '046789998877', 6, 109, 265),
(17, '048001111222', 2, 118, 258),
(17, '048001112233', 3, 113, 246),
(17, '048001555789', 4, 117, 270),
(17, '048001999111', 4, 99, 215),
(17, '049000222333', 6, 108, 237),
(17, '049000321654', 6, 107, 242),
(17, '049000777888', 6, 120, 285),
(17, '049000987654', 9, 96, 202),
(17, '050000246813', 9, 113, 254),
(17, '050000334466', 11, 125, 287),
(17, '051000334455', 11, 108, 276),
(17, '051000665544', 7, 91, 202),
(17, '051500123456', 3, 118, 279),
(17, '051500998877', 3, 106, 217),
(17, '073121234567', 13, 123, 268),
(17, '073121888777', 11, 0, 262);            -- 0 inventory

INSERT INTO Inventory (store_id, UPC, sales_price, inv_space, max_inv_space) VALUES
(18, '012000111444', 3, 95, 228),
(18, '012000123789', 3, 99, 214),
(18, '012000333222', 4, 93, 210),
(18, '012000998877', 6, 105, 240),
(18, '013000665544', 7, 117, 248),
(18, '013000999888', 4, 91, 222),
(18, '016000112233', 2, 102, 212),
(18, '016000333222', 2, 90, 223),
(18, '016000456987', 3, 107, 231),
(18, '016000845622', 5, 111, 234),
(18, '025000111333', 3, 119, 264),
(18, '025000867432', 3, 82, 241),
(18, '028000011234', 2, 91, 224),
(18, '028000411111', 2, 134, 288),
(18, '028000421111', 3, 101, 227),
(18, '028000812345', 2, 75, 197),
(18, '034567123456', 5, 104, 243),
(18, '034567897654', 5, 115, 266),
(18, '036632117788', 7, 109, 264),
(18, '036632145789', 4, 93, 234),
(18, '036632543210', 4, 87, 230),
(18, '036632789456', 6, 98, 238),
(18, '037600112233', 8, 125, 279),
(18, '037600123987', 8, 101, 260),
(18, '037600456789', 10, 113, 271),
(18, '037600998899', 8, 104, 277),  -- Lower price
(18, '038000111222', 2, 130, 282),
(18, '038000223344', 2, 101, 236),
(18, '038000246810', 3, 85, 200),
(18, '038000789456', 4, 94, 241),
(18, '038900567123', 4, 110, 240),
(18, '038900998812', 5, 129, 299),
(18, '040000112244', 3, 122, 267),
(18, '040000333111', 4, 113, 239),
(18, '040000987123', 5, 97, 244),
(18, '044000112233', 7, 86, 257),
(18, '044000123456', 5, 115, 248),
(18, '044000889900', 8, 117, 212),
(18, '044000987654', 5, 102, 222),  -- Lower price
(18, '046789334455', 5, 107, 222),
(18, '046789665544', 5, 106, 236),
(18, '046789777666', 6, 92, 226),
(18, '046789998877', 6, 108, 266),
(18, '048001111222', 2, 119, 259),
(18, '048001112233', 3, 112, 247),
(18, '048001555789', 4, 118, 271),
(18, '048001999111', 4, 100, 216),
(18, '049000222333', 6, 107, 238),
(18, '049000321654', 6, 108, 243),
(18, '049000777888', 6, 121, 286),
(18, '049000987654', 7, 94, 203),  -- Lower price
(18, '050000246813', 9, 112, 255),
(18, '050000334466', 11, 126, 288),
(18, '051000334455', 11, 109, 277),
(18, '051000665544', 7, 90, 203),
(18, '051500123456', 2, 119, 280),  -- Lower price
(18, '051500998877', 3, 108, 218),
(18, '073121234567', 13, 124, 269),
(18, '073121888777', 11, 122, 263);

INSERT INTO Inventory (store_id, UPC, sales_price, inv_space, max_inv_space) VALUES
(19, '012000111444', 3, 91, 220),
(19, '012000123789', 3, 89, 215),
(19, '012000333222', 4, 97, 225),
(19, '012000998877', 6, 104, 238),
(19, '013000665544', 7, 116, 249),
(19, '013000999888', 4, 90, 220),
(19, '016000112233', 2, 100, 213),
(19, '016000333222', 2, 86, 221),
(19, '016000456987', 3, 108, 232),
(19, '016000845622', 5, 112, 236),
(19, '025000111333', 3, 120, 265),
(19, '025000867432', 3, 83, 242),
(19, '028000011234', 2, 92, 226),
(19, '028000411111', 2, 135, 289),
(19, '028000421111', 3, 102, 228),
(19, '028000812345', 2, 76, 198),
(19, '034567123456', 5, 105, 244),
(19, '034567897654', 5, 116, 267),
(19, '036632117788', 7, 110, 265),
(19, '036632145789', 4, 94, 235),
(19, '036632543210', 4, 88, 231),
(19, '036632789456', 6, 99, 239),
(19, '037600112233', 8, 126, 280),
(19, '037600123987', 8, 102, 261),
(19, '037600456789', 10, 114, 272),
(19, '037600998899', 9, 105, 278),
(19, '038000111222', 2, 131, 283),
(19, '038000223344', 2, 102, 237),
(19, '038000246810', 3, 86, 201),
(19, '038000789456', 4, 95, 242),
(19, '038900567123', 4, 111, 241),
(19, '038900998812', 5, 130, 300),
(19, '040000112244', 3, 123, 268),
(19, '040000333111', 4, 114, 240),
(19, '040000987123', 5, 98, 245),
(19, '044000112233', 7, 87, 258),
(19, '044000123456', 5, 116, 249),
(19, '044000889900', 8, 119, 213),
(19, '044000987654', 6, 103, 223),
(19, '046789334455', 5, 108, 223),
(19, '046789665544', 5, 107, 237),
(19, '046789777666', 6, 93, 227),
(19, '046789998877', 6, 110, 267),
(19, '048001111222', 2, 120, 260),
(19, '048001112233', 3, 114, 248),
(19, '048001555789', 4, 119, 272),
(19, '048001999111', 4, 101, 217),
(19, '049000222333', 6, 109, 239),
(19, '049000321654', 6, 110, 244),
(19, '049000777888', 6, 122, 287),
(19, '049000987654', 9, 97, 204),
(19, '050000246813', 9, 114, 256),
(19, '050000334466', 11, 127, 289),
(19, '051000334455', 11, 110, 278),
(19, '051000665544', 7, 92, 204),
(19, '051500123456', 3, 120, 281),
(19, '051500998877', 3, 109, 219),
(19, '073121234567', 13, 125, 270),
(19, '073121888777', 11, 123, 264);

INSERT INTO Inventory (store_id, UPC, sales_price, inv_space, max_inv_space) VALUES
(20, '012000111444', 3, 96, 221),
(20, '012000123789', 3, 94, 219),
(20, '012000333222', 4, 99, 229),
(20, '012000998877', 6, 106, 239),
(20, '013000665544', 7, 118, 250),
(20, '013000999888', 4, 93, 223),
(20, '016000112233', 2, 101, 215),
(20, '016000333222', 2, 87, 222),
(20, '016000456987', 3, 110, 234),
(20, '016000845622', 5, 113, 237),
(20, '025000111333', 3, 122, 266),
(20, '025000867432', 3, 85, 243),
(20, '028000011234', 2, 94, 227),
(20, '028000411111', 2, 137, 290),
(20, '028000421111', 3, 103, 230),
(20, '028000812345', 2, 78, 200),
(20, '034567123456', 5, 106, 245),
(20, '034567897654', 5, 117, 268),
(20, '036632117788', 7, 112, 266),
(20, '036632145789', 4, 96, 236),
(20, '036632543210', 4, 89, 232),
(20, '036632789456', 6, 101, 240),
(20, '037600112233', 8, 128, 282),
(20, '037600123987', 8, 104, 263),
(20, '037600456789', 10, 116, 273),
(20, '037600998899', 9, 106, 280),
(20, '038000111222', 2, 133, 285),
(20, '038000223344', 2, 104, 238),
(20, '038000246810', 3, 88, 203),
(20, '038000789456', 4, 96, 243),
(20, '038900567123', 4, 112, 243),
(20, '038900998812', 5, 132, 302),
(20, '040000112244', 3, 125, 270),
(20, '040000333111', 4, 116, 242),
(20, '040000987123', 5, 100, 247),
(20, '044000112233', 7, 89, 259),
(20, '044000123456', 5, 117, 250),
(20, '044000889900', 8, 121, 215),
(20, '044000987654', 6, 105, 225),
(20, '046789334455', 5, 109, 225),
(20, '046789665544', 5, 108, 239),
(20, '046789777666', 6, 95, 229),
(20, '046789998877', 6, 111, 269),
(20, '048001111222', 2, 122, 262),
(20, '048001112233', 3, 116, 250),
(20, '048001555789', 4, 121, 274),
(20, '048001999111', 4, 103, 219),
(20, '049000222333', 6, 110, 241),
(20, '049000321654', 6, 112, 246),
(20, '049000777888', 6, 124, 289),
(20, '049000987654', 9, 99, 206),
(20, '050000246813', 9, 116, 258),
(20, '050000334466', 11, 129, 291),
(20, '051000334455', 11, 112, 280),
(20, '051000665544', 7, 94, 206),
(20, '051500123456', 3, 122, 283),
(20, '051500998877', 3, 111, 221),
(20, '073121234567', 13, 127, 272),
(20, '073121888777', 11, 125, 266);

INSERT INTO Inventory (store_id, UPC, sales_price, inv_space, max_inv_space) VALUES
(21, '012000111444', 3, 0, 220),
(21, '012000123789', 3, 0, 215),
(21, '012000333222', 4, 0, 225),
(21, '012000998877', 6, 0, 238),
(21, '013000665544', 7, 0, 249),
(21, '013000999888', 4, 0, 220),
(21, '016000112233', 2, 0, 213),
(21, '016000333222', 2, 0, 221),
(21, '016000456987', 3, 0, 232),
(21, '016000845622', 5, 0, 236),
(21, '025000111333', 3, 0, 265),
(21, '025000867432', 3, 0, 242),
(21, '028000011234', 2, 0, 226),
(21, '028000411111', 2, 0, 289),
(21, '028000421111', 3, 0, 228),
(21, '028000812345', 2, 0, 198),
(21, '034567123456', 5, 0, 244),
(21, '034567897654', 5, 0, 267),
(21, '036632117788', 7, 0, 265),
(21, '036632145789', 4, 0, 235),
(21, '036632543210', 4, 0, 231),
(21, '036632789456', 6, 0, 239),
(21, '037600112233', 8, 0, 280),
(21, '037600123987', 8, 0, 261),
(21, '037600456789', 10, 0, 272),
(21, '037600998899', 9, 0, 278),
(21, '038000111222', 2, 0, 283),
(21, '038000223344', 2, 0, 237),
(21, '038000246810', 3, 0, 201),
(21, '038000789456', 4, 0, 242),
(21, '038900567123', 4, 0, 241),
(21, '038900998812', 5, 0, 300),
(21, '040000112244', 3, 0, 268),
(21, '040000333111', 4, 0, 240),
(21, '040000987123', 5, 0, 245),
(21, '044000112233', 7, 0, 258),
(21, '044000123456', 5, 0, 249),
(21, '044000889900', 8, 0, 213),
(21, '044000987654', 6, 0, 223),
(21, '046789334455', 5, 0, 223),
(21, '046789665544', 5, 0, 237),
(21, '046789777666', 6, 0, 227),
(21, '046789998877', 6, 0, 267),
(21, '048001111222', 2, 0, 260),
(21, '048001112233', 3, 0, 248),
(21, '048001555789', 4, 0, 272),
(21, '048001999111', 4, 0, 217),
(21, '049000222333', 6, 0, 239),
(21, '049000321654', 6, 0, 244),
(21, '049000777888', 6, 0, 287),
(21, '049000987654', 9, 0, 204),
(21, '050000246813', 9, 0, 256),
(21, '050000334466', 11, 0, 289),
(21, '051000334455', 11, 0, 278),
(21, '051000665544', 7, 0, 204),
(21, '051500123456', 3, 0, 281),
(21, '051500998877', 3, 0, 219),
(21, '073121234567', 13, 0, 270),
(21, '073121888777', 11, 0, 264);

INSERT INTO Inventory (store_id, UPC, sales_price, inv_space, max_inv_space) VALUES
(22, '012000111444', 3, 97, 220),
(22, '012000123789', 3, 91, 215),
(22, '012000333222', 4, 102, 225),
(22, '012000998877', 6, 108, 238),
(22, '013000665544', 7, 114, 249),
(22, '013000999888', 4, 87, 220),
(22, '016000112233', 2, 105, 213),
(22, '016000333222', 2, 94, 221),
(22, '016000456987', 3, 111, 232),
(22, '016000845622', 5, 120, 236),
(22, '025000111333', 3, 122, 265),
(22, '025000867432', 3, 88, 242),
(22, '028000011234', 2, 93, 226),
(22, '028000411111', 2, 136, 289),
(22, '028000421111', 3, 103, 228),
(22, '028000812345', 2, 81, 198),
(22, '034567123456', 5, 108, 244),
(22, '034567897654', 5, 117, 267),
(22, '036632117788', 7, 111, 265),
(22, '036632145789', 4, 96, 235),
(22, '036632543210', 4, 91, 231),
(22, '036632789456', 6, 103, 239),
(22, '037600112233', 8, 127, 280),
(22, '037600123987', 8, 104, 261),
(22, '037600456789', 10, 116, 272),
(22, '037600998899', 9, 108, 278),
(22, '038000111222', 2, 130, 283),
(22, '038000223344', 2, 105, 237),
(22, '038000246810', 3, 91, 201),
(22, '038000789456', 4, 97, 242),
(22, '038900567123', 4, 113, 241),
(22, '038900998812', 5, 133, 300),
(22, '040000112244', 3, 124, 268),
(22, '040000333111', 4, 115, 240),
(22, '040000987123', 5, 101, 245),
(22, '044000112233', 7, 88, 258),
(22, '044000123456', 5, 115, 249),
(22, '044000889900', 8, 120, 213),
(22, '044000987654', 6, 106, 223),
(22, '046789334455', 5, 110, 223),
(22, '046789665544', 5, 109, 237),
(22, '046789777666', 6, 96, 227),
(22, '046789998877', 6, 112, 267),
(22, '048001111222', 2, 120, 260),
(22, '048001112233', 3, 114, 248),
(22, '048001555789', 4, 121, 272),
(22, '048001999111', 4, 104, 217),
(22, '049000222333', 6, 111, 239),
(22, '049000321654', 6, 112, 244),
(22, '049000777888', 6, 123, 287),
(22, '049000987654', 9, 98, 204),
(22, '050000246813', 9, 117, 256),
(22, '050000334466', 11, 128, 289),
(22, '051000334455', 11, 113, 278),
(22, '051000665544', 7, 95, 204),
(22, '051500123456', 3, 123, 281),
(22, '051500998877', 3, 112, 219),
(22, '073121234567', 13, 128, 270),
(22, '073121888777', 11, 126, 264);

INSERT INTO Inventory (store_id, UPC, sales_price, inv_space, max_inv_space) VALUES
(23, '012000111444', 3, 104, 220),
(23, '012000123789', 3, 109, 215),
(23, '012000333222', 4, 114, 225),
(23, '012000998877', 5, 100, 238), -- discounted
(23, '013000665544', 6, 117, 249), -- discounted
(23, '013000999888', 4, 103, 220),
(23, '016000112233', 2, 95, 213),
(23, '016000333222', 2, 91, 221),
(23, '016000456987', 2, 89, 232), -- discounted
(23, '016000845622', 4, 108, 236), -- discounted
(23, '025000111333', 3, 111, 265),
(23, '025000867432', 3, 105, 242),
(23, '028000011234', 2, 97, 226),
(23, '028000411111', 2, 132, 289),
(23, '028000421111', 2, 110, 228), -- discounted
(23, '028000812345', 2, 87, 198),
(23, '034567123456', 5, 108, 244),
(23, '034567897654', 5, 99, 267),
(23, '036632117788', 6, 113, 265), -- discounted
(23, '036632145789', 4, 103, 235),
(23, '036632543210', 4, 110, 231),
(23, '036632789456', 6, 115, 239),
(23, '037600112233', 8, 124, 280),
(23, '037600123987', 7, 122, 261), -- discounted
(23, '037600456789', 10, 108, 272),
(23, '037600998899', 9, 116, 278),
(23, '038000111222', 2, 123, 283),
(23, '038000223344', 2, 101, 237),
(23, '038000246810', 3, 99, 201),
(23, '038000789456', 4, 111, 242),
(23, '038900567123', 4, 112, 241),
(23, '038900998812', 4, 118, 300), -- discounted
(23, '040000112244', 3, 106, 268),
(23, '040000333111', 4, 117, 240),
(23, '040000987123', 5, 113, 245),
(23, '044000112233', 7, 107, 258),
(23, '044000123456', 5, 120, 249),
(23, '044000889900', 8, 125, 213),
(23, '044000987654', 6, 116, 223),
(23, '046789334455', 5, 98, 223),
(23, '046789665544', 5, 111, 237),
(23, '046789777666', 6, 103, 227),
(23, '046789998877', 5, 97, 267), -- discounted
(23, '048001111222', 2, 109, 260),
(23, '048001112233', 3, 114, 248),
(23, '048001555789', 4, 123, 272),
(23, '048001999111', 4, 119, 217),
(23, '049000222333', 6, 121, 239),
(23, '049000321654', 6, 109, 244),
(23, '049000777888', 6, 112, 287),
(23, '049000987654', 9, 94, 204),
(23, '050000246813', 9, 128, 256),
(23, '050000334466', 11, 129, 289),
(23, '051000334455', 11, 122, 278),
(23, '051000665544', 7, 106, 204),
(23, '051500123456', 3, 116, 281),
(23, '051500998877', 3, 117, 219),
(23, '073121234567', 13, 121, 270),
(23, '073121888777', 11, 113, 264);

INSERT INTO Inventory (store_id, UPC, sales_price, inv_space, max_inv_space) VALUES
(24, '012000111444', 3, 101, 218),
(24, '012000123789', 3, 107, 222),
(24, '012000333222', 4, 110, 236),
(24, '012000998877', 4, 95, 220), -- discounted
(24, '013000665544', 5, 113, 243), -- discounted
(24, '013000999888', 4, 103, 224),
(24, '016000112233', 2, 99, 212),
(24, '016000333222', 2, 97, 219),
(24, '016000456987', 2, 89, 230), -- discounted
(24, '016000845622', 3, 108, 239), -- discounted
(24, '025000111333', 3, 111, 266),
(24, '025000867432', 3, 104, 241),
(24, '028000011234', 2, 98, 225),
(24, '028000411111', 2, 130, 288),
(24, '028000421111', 2, 109, 227), -- discounted
(24, '028000812345', 2, 88, 200),
(24, '034567123456', 5, 107, 243),
(24, '034567897654', 5, 101, 266),
(24, '036632117788', 5, 112, 263), -- discounted
(24, '036632145789', 4, 105, 233),
(24, '036632543210', 4, 108, 229),
(24, '036632789456', 6, 116, 241),
(24, '037600112233', 8, 126, 281),
(24, '037600123987', 6, 121, 260), -- discounted
(24, '037600456789', 10, 107, 271),
(24, '037600998899', 9, 114, 275),
(24, '038000111222', 2, 124, 284),
(24, '038000223344', 2, 102, 236),
(24, '038000246810', 3, 98, 202),
(24, '038000789456', 4, 112, 243),
(24, '038900567123', 4, 113, 240),
(24, '038900998812', 3, 117, 299), -- discounted
(24, '040000112244', 3, 104, 267),
(24, '040000333111', 4, 118, 242),
(24, '040000987123', 5, 114, 246),
(24, '044000112233', 7, 108, 260),
(24, '044000123456', 5, 122, 251),
(24, '044000889900', 8, 127, 214),
(24, '044000987654', 6, 115, 222),
(24, '046789334455', 5, 99, 221),
(24, '046789665544', 5, 112, 235),
(24, '046789777666', 6, 102, 228),
(24, '046789998877', 4, 96, 266), -- discounted
(24, '048001111222', 2, 108, 258),
(24, '048001112233', 3, 115, 249),
(24, '048001555789', 4, 122, 273),
(24, '048001999111', 4, 121, 218),
(24, '049000222333', 6, 119, 238),
(24, '049000321654', 6, 111, 243),
(24, '049000777888', 6, 110, 288),
(24, '049000987654', 9, 96, 205),
(24, '050000246813', 9, 127, 255),
(24, '050000334466', 11, 130, 290),
(24, '051000334455', 11, 120, 279),
(24, '051000665544', 7, 105, 203),
(24, '051500123456', 3, 117, 280),
(24, '051500998877', 3, 116, 218),
(24, '073121234567', 13, 122, 271),
(24, '073121888777', 11, 114, 265);

INSERT INTO Inventory (store_id, UPC, sales_price, inv_space, max_inv_space) VALUES
(25, '012000111444', 3, 112, 235),
(25, '012000123789', 3, 105, 218),
(25, '012000333222', 4, 117, 246),
(25, '012000998877', 4, 102, 239),
(25, '013000665544', 5, 110, 250),
(25, '013000999888', 4, 118, 230),
(25, '016000112233', 2, 100, 220),
(25, '016000333222', 2, 97, 210),
(25, '016000456987', 2, 101, 215),
(25, '016000845622', 3, 104, 225),
(25, '025000111333', 3, 119, 260),
(25, '025000867432', 3, 108, 245),
(25, '028000011234', 2, 111, 220),
(25, '028000411111', 2, 113, 225),
(25, '028000421111', 2, 106, 210),
(25, '028000812345', 2, 115, 230),
(25, '034567123456', 5, 103, 240),
(25, '034567897654', 5, 120, 260),
(25, '036632117788', 5, 109, 250),
(25, '036632145789', 4, 112, 235),
(25, '036632543210', 4, 116, 240),
(25, '036632789456', 6, 122, 260),
(25, '037600112233', 8, 130, 275),
(25, '037600123987', 6, 127, 260),
(25, '037600456789', 10, 118, 270),
(25, '037600998899', 9, 115, 250),
(25, '038000111222', 2, 107, 240),
(25, '038000223344', 2, 103, 230),
(25, '038000246810', 3, 109, 220),
(25, '038000789456', 4, 111, 240),
(25, '038900567123', 4, 115, 255),
(25, '038900998812', 3, 108, 235),
(25, '040000112244', 3, 106, 240),
(25, '040000333111', 4, 118, 245),
(25, '040000987123', 5, 123, 260),
(25, '044000112233', 7, 120, 255),
(25, '044000123456', 5, 113, 250),
(25, '044000889900', 8, 125, 260),
(25, '044000987654', 6, 119, 240),
(25, '046789334455', 5, 108, 235),
(25, '046789665544', 5, 110, 240),
(25, '046789777666', 6, 117, 245),
(25, '046789998877', 4, 114, 238),
(25, '048001111222', 2, 111, 255),
(25, '048001112233', 3, 116, 250),
(25, '048001555789', 4, 119, 260),
(25, '048001999111', 4, 110, 250),
(25, '049000222333', 6, 120, 260),
(25, '049000321654', 6, 115, 255),
(25, '049000777888', 6, 122, 270),
(25, '049000987654', 9, 129, 290),
(25, '050000246813', 9, 117, 260),
(25, '050000334466', 11, 124, 275),
(25, '051000334455', 11, 126, 278),
(25, '051000665544', 7, 110, 235),
(25, '051500123456', 3, 112, 250),
(25, '051500998877', 3, 109, 240),
(25, '073121234567', 13, 130, 280),
(25, '073121888777', 11, 119, 265);

INSERT INTO Inventory (store_id, UPC, sales_price, inv_space, max_inv_space) VALUES
(26, '012000111444', 3, 115, 235),
(26, '012000123789', 3, 118, 230),
(26, '012000333222', 4, 120, 250),
(26, '012000998877', 4, 112, 240),
(26, '013000665544', 5, 117, 260),
(26, '013000999888', 4, 113, 235),
(26, '016000112233', 2, 104, 215),
(26, '016000333222', 2, 106, 220),
(26, '016000456987', 2, 102, 210),
(26, '016000845622', 3, 110, 230),
(26, '025000111333', 3, 123, 260),
(26, '025000867432', 3, 116, 250),
(26, '028000011234', 2, 107, 220),
(26, '028000411111', 2, 108, 225),
(26, '028000421111', 2, 111, 230),
(26, '028000812345', 2, 109, 215),
(26, '034567123456', 5, 120, 250),
(26, '034567897654', 5, 122, 260),
(26, '036632117788', 5, 119, 255),
(26, '036632145789', 4, 114, 245),
(26, '036632543210', 4, 117, 240),
(26, '036632789456', 6, 125, 270),
(26, '037600112233', 8, 135, 280),
(26, '037600123987', 6, 130, 270),
(26, '037600456789', 10, 140, 290),
(26, '037600998899', 9, 132, 265),
(26, '038000111222', 2, 108, 220),
(26, '038000223344', 2, 107, 225),
(26, '038000246810', 3, 113, 230),
(26, '038000789456', 4, 115, 235),
(26, '038900567123', 4, 118, 240),
(26, '038900998812', 3, 110, 225),
(26, '040000112244', 3, 112, 235),
(26, '040000333111', 4, 119, 250),
(26, '040000987123', 5, 125, 265),
(26, '044000112233', 7, 124, 255),
(26, '044000123456', 5, 118, 240),
(26, '044000889900', 8, 132, 270),
(26, '044000987654', 6, 117, 250),
(26, '046789334455', 5, 114, 230),
(26, '046789665544', 5, 116, 240),
(26, '046789777666', 6, 119, 245),
(26, '046789998877', 4, 115, 230),
(26, '048001111222', 2, 109, 210),
(26, '048001112233', 3, 115, 230),
(26, '048001555789', 4, 117, 240),
(26, '048001999111', 4, 116, 230),
(26, '049000222333', 6, 122, 250),
(26, '049000321654', 6, 120, 255),
(26, '049000777888', 6, 124, 260),
(26, '049000987654', 9, 130, 275),
(26, '050000246813', 9, 128, 270),
(26, '050000334466', 11, 135, 290),
(26, '051000334455', 11, 132, 285),
(26, '051000665544', 7, 117, 250),
(26, '051500123456', 3, 110, 230),
(26, '051500998877', 3, 108, 225),
(26, '073121234567', 13, 140, 300),
(26, '073121888777', 11, 133, 280);

INSERT INTO Inventory (store_id, UPC, sales_price, inv_space, max_inv_space) VALUES
(27, '012000111444', 3, 114, 230),
(27, '012000123789', 3, 117, 240),
(27, '012000333222', 4, 119, 245),
(27, '012000998877', 4, 121, 250),
(27, '013000665544', 5, 122, 260),
(27, '013000999888', 4, 120, 250),
(27, '016000112233', 2, 101, 210),
(27, '016000333222', 2, 106, 220),
(27, '016000456987', 2, 103, 215),
(27, '016000845622', 3, 109, 230),
(27, '025000111333', 3, 116, 240),
(27, '025000867432', 3, 113, 235),
(27, '028000011234', 2, 105, 220),
(27, '028000411111', 2, 107, 225),
(27, '028000421111', 2, 110, 230),
(27, '028000812345', 2, 111, 225),
(27, '034567123456', 5, 120, 250),
(27, '034567897654', 5, 122, 255),
(27, '036632117788', 5, 121, 260),
(27, '036632145789', 4, 115, 245),
(27, '036632543210', 4, 118, 250),
(27, '036632789456', 6, 125, 270),
(27, '037600112233', 8, 130, 275),
(27, '037600123987', 6, 126, 265),
(27, '037600456789', 10, 135, 285),
(27, '037600998899', 9, 128, 270),
(27, '038000111222', 2, 108, 220),
(27, '038000223344', 2, 110, 225),
(27, '038000246810', 3, 112, 230),
(27, '038000789456', 4, 116, 235),
(27, '038900567123', 4, 117, 240),
(27, '038900998812', 3, 109, 225),
(27, '040000112244', 3, 111, 230),
(27, '040000333111', 4, 118, 245),
(27, '040000987123', 5, 124, 260),
(27, '044000112233', 7, 126, 270),
(27, '044000123456', 5, 118, 245),
(27, '044000889900', 8, 130, 275),
(27, '044000987654', 6, 120, 250),
(27, '046789334455', 5, 113, 230),
(27, '046789665544', 5, 115, 240),
(27, '046789777666', 6, 118, 245),
(27, '046789998877', 4, 114, 230),
(27, '048001111222', 2, 106, 215),
(27, '048001112233', 3, 112, 230),
(27, '048001555789', 4, 116, 240),
(27, '048001999111', 4, 117, 235),
(27, '049000222333', 6, 121, 255),
(27, '049000321654', 6, 122, 260),
(27, '049000777888', 6, 125, 270),
(27, '049000987654', 9, 130, 280),
(27, '050000246813', 9, 129, 275),
(27, '050000334466', 11, 135, 290),
(27, '051000334455', 11, 133, 285),
(27, '051000665544', 7, 120, 255),
(27, '051500123456', 3, 109, 225),
(27, '051500998877', 3, 111, 230),
(27, '073121234567', 13, 140, 300),
(27, '073121888777', 11, 134, 280);

INSERT INTO Inventory (store_id, UPC, sales_price, inv_space, max_inv_space) VALUES
(28, '012000111444', 3, 0, 230),
(28, '012000123789', 3, 0, 240),
(28, '012000333222', 4, 110, 245),
(28, '012000998877', 4, 125, 250),
(28, '013000665544', 5, 119, 260),
(28, '013000999888', 4, 0, 250),
(28, '016000112233', 2, 104, 210),
(28, '016000333222', 2, 99, 220),
(28, '016000456987', 2, 97, 215),
(28, '016000845622', 3, 0, 230),
(28, '025000111333', 3, 120, 240),
(28, '025000867432', 3, 116, 235),
(28, '028000011234', 2, 101, 220),
(28, '028000411111', 2, 0, 225),
(28, '028000421111', 2, 0, 230),
(28, '028000812345', 2, 113, 225),
(28, '034567123456', 5, 117, 250),
(28, '034567897654', 5, 120, 255),
(28, '036632117788', 5, 123, 260),
(28, '036632145789', 4, 108, 245),
(28, '036632543210', 4, 119, 250),
(28, '036632789456', 6, 130, 270),
(28, '037600112233', 8, 135, 275),
(28, '037600123987', 6, 121, 265),
(28, '037600456789', 10, 132, 285),
(28, '037600998899', 9, 0, 270),
(28, '038000111222', 2, 105, 220),
(28, '038000223344', 2, 0, 225),
(28, '038000246810', 3, 115, 230),
(28, '038000789456', 4, 119, 235),
(28, '038900567123', 4, 118, 240),
(28, '038900998812', 3, 107, 225),
(28, '040000112244', 3, 110, 230),
(28, '040000333111', 4, 122, 245),
(28, '040000987123', 5, 128, 260),
(28, '044000112233', 7, 130, 270),
(28, '044000123456', 5, 119, 245),
(28, '044000889900', 8, 132, 275),
(28, '044000987654', 6, 120, 250),
(28, '046789334455', 5, 113, 230),
(28, '046789665544', 5, 118, 240),
(28, '046789777666', 6, 121, 245),
(28, '046789998877', 4, 0, 230),
(28, '048001111222', 2, 104, 215),
(28, '048001112233', 3, 111, 230),
(28, '048001555789', 4, 118, 240),
(28, '048001999111', 4, 115, 235),
(28, '049000222333', 6, 124, 255),
(28, '049000321654', 6, 126, 260),
(28, '049000777888', 6, 129, 270),
(28, '049000987654', 9, 135, 280),
(28, '050000246813', 9, 0, 275),
(28, '050000334466', 11, 137, 290),
(28, '051000334455', 11, 133, 285),
(28, '051000665544', 7, 120, 255),
(28, '051500123456', 3, 108, 225),
(28, '051500998877', 3, 111, 230),
(28, '073121234567', 13, 138, 300),
(28, '073121888777', 11, 136, 280);

INSERT INTO Inventory (store_id, UPC, sales_price, inv_space, max_inv_space) VALUES
(29, '012000111444', 3, 115, 230),
(29, '012000123789', 3, 120, 240),
(29, '012000333222', 4, 122, 245),
(29, '012000998877', 4, 118, 250),
(29, '013000665544', 5, 125, 260),
(29, '013000999888', 4, 119, 250),
(29, '016000112233', 2, 107, 210),
(29, '016000333222', 2, 111, 220),
(29, '016000456987', 2, 105, 215),
(29, '016000845622', 3, 120, 230),
(29, '025000111333', 3, 117, 240),
(29, '025000867432', 3, 122, 235),
(29, '028000011234', 2, 113, 220),
(29, '028000411111', 2, 108, 225),
(29, '028000421111', 2, 110, 230),
(29, '028000812345', 2, 109, 225),
(29, '034567123456', 5, 123, 250),
(29, '034567897654', 5, 126, 255),
(29, '036632117788', 5, 127, 260),
(29, '036632145789', 4, 120, 245),
(29, '036632543210', 4, 122, 250),
(29, '036632789456', 6, 128, 270),
(29, '037600112233', 8, 135, 275),
(29, '037600123987', 6, 129, 265),
(29, '037600456789', 10, 138, 285),
(29, '037600998899', 9, 131, 270),
(29, '038000111222', 2, 109, 220),
(29, '038000223344', 2, 114, 225),
(29, '038000246810', 3, 119, 230),
(29, '038000789456', 4, 122, 235),
(29, '038900567123', 4, 118, 240),
(29, '038900998812', 3, 115, 225),
(29, '040000112244', 3, 117, 230),
(29, '040000333111', 4, 122, 245),
(29, '040000987123', 5, 130, 260),
(29, '044000112233', 7, 132, 270),
(29, '044000123456', 5, 124, 245),
(29, '044000889900', 8, 136, 275),
(29, '044000987654', 6, 127, 250),
(29, '046789334455', 5, 118, 230),
(29, '046789665544', 5, 123, 240),
(29, '046789777666', 6, 129, 245),
(29, '046789998877', 4, 121, 230),
(29, '048001111222', 2, 106, 215),
(29, '048001112233', 3, 112, 230),
(29, '048001555789', 4, 120, 240),
(29, '048001999111', 4, 119, 235),
(29, '049000222333', 6, 126, 255),
(29, '049000321654', 6, 130, 260),
(29, '049000777888', 6, 128, 270),
(29, '049000987654', 9, 138, 280),
(29, '050000246813', 9, 137, 275),
(29, '050000334466', 11, 140, 290),
(29, '051000334455', 11, 134, 285),
(29, '051000665544', 7, 123, 255),
(29, '051500123456', 3, 110, 225),
(29, '051500998877', 3, 112, 230),
(29, '073121234567', 13, 140, 300),
(29, '073121888777', 11, 135, 280);

INSERT INTO Inventory (store_id, UPC, sales_price, inv_space, max_inv_space) VALUES
(30, '012000111444', 3, 115, 230),
(30, '012000123789', 3, 120, 240),
(30, '012000333222', 4, 122, 245),
(30, '012000998877', 4, 118, 250),
(30, '013000665544', 5, 125, 260),
(30, '013000999888', 4, 119, 250),
(30, '016000112233', 2, 107, 210),
(30, '016000333222', 2, 111, 220),
(30, '016000456987', 2, 105, 215),
(30, '016000845622', 3, 120, 230),
(30, '025000111333', 3, 117, 240),
(30, '025000867432', 3, 122, 235),
(30, '028000011234', 2, 113, 220),
(30, '028000411111', 2, 108, 225),
(30, '028000421111', 2, 110, 230),
(30, '028000812345', 2, 109, 225),
(30, '034567123456', 5, 123, 250),
(30, '034567897654', 5, 126, 255),
(30, '036632117788', 5, 127, 260),
(30, '036632145789', 4, 120, 245),
(30, '036632543210', 4, 122, 250),
(30, '036632789456', 6, 128, 270),
(30, '037600112233', 8, 135, 275),
(30, '037600123987', 6, 129, 265),
(30, '037600456789', 10, 138, 285),
(30, '037600998899', 9, 131, 270),
(30, '038000111222', 2, 109, 220),
(30, '038000223344', 2, 114, 225),
(30, '038000246810', 3, 119, 230),
(30, '038000789456', 4, 122, 235),
(30, '038900567123', 4, 118, 240),
(30, '038900998812', 3, 115, 225),
(30, '040000112244', 3, 117, 230),
(30, '040000333111', 4, 122, 245),
(30, '040000987123', 5, 130, 260),
(30, '044000112233', 7, 132, 270),
(30, '044000123456', 5, 124, 245),
(30, '044000889900', 8, 136, 275),
(30, '044000987654', 6, 127, 250),
(30, '046789334455', 5, 118, 230),
(30, '046789665544', 5, 123, 240),
(30, '046789777666', 6, 129, 245),
(30, '046789998877', 4, 121, 230),
(30, '048001111222', 2, 106, 215),
(30, '048001112233', 3, 112, 230),
(30, '048001555789', 4, 120, 240),
(30, '048001999111', 4, 119, 235),
(30, '049000222333', 6, 126, 255),
(30, '049000321654', 6, 130, 260),
(30, '049000777888', 6, 128, 270),
(30, '049000987654', 9, 138, 280),
(30, '050000246813', 9, 137, 275),
(30, '050000334466', 11, 140, 290),
(30, '051000334455', 11, 134, 285),
(30, '051000665544', 7, 123, 255),
(30, '051500123456', 3, 110, 225),
(30, '051500998877', 3, 112, 230),
(30, '073121234567', 13, 140, 300),
(30, '073121888777', 11, 135, 280);

INSERT INTO Inventory (store_id, UPC, sales_price, inv_space, max_inv_space) VALUES
(31, '012000111444', 3, 108, 220),
(31, '012000123789', 3, 112, 225),
(31, '012000333222', 4, 116, 230),
(31, '012000998877', 4, 110, 235),
(31, '013000665544', 5, 118, 240),
(31, '013000999888', 4, 113, 230),
(31, '016000112233', 2, 98, 205),
(31, '016000333222', 2, 100, 210),
(31, '016000456987', 2, 105, 215),
(31, '016000845622', 3, 114, 225),
(31, '025000111333', 3, 111, 230),
(31, '025000867432', 3, 108, 235),
(31, '028000011234', 2, 99, 215),
(31, '028000411111', 2, 97, 220),
(31, '028000421111', 2, 102, 225),
(31, '028000812345', 2, 101, 225),
(31, '034567123456', 5, 113, 250),
(31, '034567897654', 5, 118, 255),
(31, '036632117788', 5, 115, 260),
(31, '036632145789', 4, 112, 245),
(31, '036632543210', 4, 110, 250),
(31, '036632789456', 6, 124, 270),
(31, '037600112233', 8, 127, 275),
(31, '037600123987', 6, 121, 265),
(31, '037600456789', 10, 130, 285),
(31, '037600998899', 9, 125, 270),
(31, '038000111222', 2, 98, 220),
(31, '038000223344', 2, 97, 225),
(31, '038000246810', 3, 104, 230),
(31, '038000789456', 4, 108, 235),
(31, '038900567123', 4, 109, 240),
(31, '038900998812', 3, 101, 225),
(31, '040000112244', 3, 107, 230),
(31, '040000333111', 4, 113, 245),
(31, '040000987123', 5, 118, 260),
(31, '044000112233', 7, 120, 270),
(31, '044000123456', 5, 114, 245),
(31, '044000889900', 8, 125, 275),
(31, '044000987654', 6, 117, 250),
(31, '046789334455', 5, 110, 230),
(31, '046789665544', 5, 112, 240),
(31, '046789777666', 6, 119, 245),
(31, '046789998877', 4, 108, 230),
(31, '048001111222', 2, 96, 215),
(31, '048001112233', 3, 102, 230),
(31, '048001555789', 4, 106, 240),
(31, '048001999111', 4, 104, 235),
(31, '049000222333', 6, 118, 255),
(31, '049000321654', 6, 119, 260),
(31, '049000777888', 6, 116, 270),
(31, '049000987654', 9, 126, 280),
(31, '050000246813', 9, 121, 275),
(31, '050000334466', 11, 129, 290),
(31, '051000334455', 11, 123, 285),
(31, '051000665544', 7, 114, 255),
(31, '051500123456', 3, 100, 225),
(31, '051500998877', 3, 103, 230),
(31, '073121234567', 13, 130, 300),
(31, '073121888777', 11, 127, 280);

INSERT INTO Inventory (store_id, UPC, sales_price, inv_space, max_inv_space) VALUES
-- Discounted items
(32, '012000111444', 2, 95, 210),
(32, '012000123789', 2, 97, 215),
(32, '012000998877', 3, 101, 225),
(32, '013000999888', 3, 99, 220),
(32, '016000845622', 2, 94, 210),
(32, '025000111333', 2, 98, 220),
(32, '028000011234', 1, 92, 205),
(32, '034567897654', 4, 108, 245),
(32, '036632543210', 3, 100, 235),
(32, '037600998899', 8, 115, 260),
(32, '038000246810', 2, 96, 225),
(32, '040000333111', 3, 103, 225),
(32, '044000987654', 5, 110, 240),
(32, '046789665544', 4, 102, 230),
(32, '049000987654', 8, 116, 270),

-- Full price items
(32, '012000333222', 4, 109, 220),
(32, '013000665544', 5, 111, 235),
(32, '016000112233', 2, 94, 205),
(32, '016000333222', 2, 96, 210),
(32, '016000456987', 2, 98, 215),
(32, '025000867432', 3, 101, 230),
(32, '028000411111', 2, 97, 220),
(32, '028000421111', 2, 99, 225),
(32, '028000812345', 2, 100, 225),
(32, '034567123456', 5, 110, 250),
(32, '036632117788', 5, 112, 260),
(32, '036632145789', 4, 108, 240),
(32, '036632789456', 6, 120, 265),
(32, '037600112233', 8, 123, 270),
(32, '037600123987', 6, 118, 260),
(32, '037600456789', 10, 128, 280),
(32, '038000111222', 2, 93, 215),
(32, '038000223344', 2, 94, 220),
(32, '038000789456', 4, 105, 230),
(32, '038900567123', 4, 106, 235),
(32, '038900998812', 3, 99, 225),
(32, '040000112244', 3, 104, 230),
(32, '040000987123', 5, 114, 255),
(32, '044000112233', 7, 118, 270),
(32, '044000123456', 5, 107, 245),
(32, '044000889900', 8, 122, 275),
(32, '046789334455', 5, 105, 225),
(32, '046789777666', 6, 113, 245),
(32, '046789998877', 4, 102, 225),
(32, '048001111222', 2, 90, 215),
(32, '048001112233', 3, 95, 225),
(32, '048001555789', 4, 100, 235),
(32, '048001999111', 4, 102, 235),
(32, '049000222333', 6, 110, 255),
(32, '049000321654', 6, 112, 260),
(32, '049000777888', 6, 114, 270),
(32, '050000246813', 9, 120, 275),
(32, '050000334466', 11, 126, 285),
(32, '051000334455', 11, 120, 280),
(32, '051000665544', 7, 110, 250),
(32, '051500123456', 3, 98, 220),
(32, '051500998877', 3, 100, 225),
(32, '073121234567', 13, 128, 300),
(32, '073121888777', 11, 125, 280);

INSERT INTO Inventory (store_id, UPC, sales_price, inv_space, max_inv_space) VALUES
(33, '012000111444', 3, 96, 210),
(33, '012000123789', 3, 98, 215),
(33, '012000333222', 4, 109, 220),
(33, '012000998877', 4, 105, 225),
(33, '013000665544', 5, 111, 235),
(33, '013000999888', 4, 102, 220),
(33, '016000112233', 2, 94, 205),
(33, '016000333222', 2, 96, 210),
(33, '016000456987', 2, 98, 215),
(33, '016000845622', 3, 99, 210),
(33, '025000111333', 3, 100, 220),
(33, '025000867432', 3, 101, 230),
(33, '028000011234', 2, 95, 205),
(33, '028000411111', 2, 97, 220),
(33, '028000421111', 2, 99, 225),
(33, '028000812345', 2, 100, 225),
(33, '034567123456', 5, 110, 250),
(33, '034567897654', 5, 108, 245),
(33, '036632117788', 5, 112, 260),
(33, '036632145789', 4, 108, 240),
(33, '036632543210', 4, 100, 235),
(33, '036632789456', 6, 120, 265),
(33, '037600112233', 8, 123, 270),
(33, '037600123987', 6, 118, 260),
(33, '037600456789', 10, 128, 280),
(33, '037600998899', 9, 115, 260),
(33, '038000111222', 2, 93, 215),
(33, '038000223344', 2, 94, 220),
(33, '038000246810', 3, 96, 225),
(33, '038000789456', 4, 105, 230),
(33, '038900567123', 4, 106, 235),
(33, '038900998812', 3, 99, 225),
(33, '040000112244', 3, 104, 230),
(33, '040000333111', 4, 103, 225),
(33, '040000987123', 5, 114, 255),
(33, '044000112233', 7, 118, 270),
(33, '044000123456', 5, 107, 245),
(33, '044000889900', 8, 122, 275),
(33, '044000987654', 6, 110, 240),
(33, '046789334455', 5, 105, 225),
(33, '046789665544', 5, 102, 230),
(33, '046789777666', 6, 113, 245),
(33, '046789998877', 4, 102, 225),
(33, '048001111222', 2, 90, 215),
(33, '048001112233', 3, 95, 225),
(33, '048001555789', 4, 100, 235),
(33, '048001999111', 4, 102, 235),
(33, '049000222333', 6, 110, 255),
(33, '049000321654', 6, 112, 260),
(33, '049000777888', 6, 114, 270),
(33, '049000987654', 9, 116, 270),
(33, '050000246813', 9, 120, 275),
(33, '050000334466', 11, 126, 285),
(33, '051000334455', 11, 120, 280),
(33, '051000665544', 7, 110, 250),
(33, '051500123456', 3, 98, 220),
(33, '051500998877', 3, 100, 225),
(33, '073121234567', 13, 128, 300),
(33, '073121888777', 11, 125, 280);


INSERT INTO Inventory (store_id, UPC, sales_price, inv_space, max_inv_space) VALUES
(34, '012000111444', 2, 95, 210), -- discounted
(34, '012000123789', 2, 97, 215), -- discounted
(34, '012000333222', 3, 108, 220), -- discounted
(34, '012000998877', 4, 106, 225),
(34, '013000665544', 5, 112, 235),
(34, '013000999888', 3, 100, 220), -- discounted
(34, '016000112233', 2, 94, 205),
(34, '016000333222', 2, 96, 210),
(34, '016000456987', 1, 92, 215), -- discounted
(34, '016000845622', 2, 98, 210), -- discounted
(34, '025000111333', 3, 100, 220),
(34, '025000867432', 2, 98, 230), -- discounted
(34, '028000011234', 2, 95, 205),
(34, '028000411111', 2, 97, 220),
(34, '028000421111', 2, 99, 225),
(34, '028000812345', 1, 95, 225), -- discounted
(34, '034567123456', 4, 105, 250), -- discounted
(34, '034567897654', 4, 104, 245), -- discounted
(34, '036632117788', 4, 109, 260), -- discounted
(34, '036632145789', 3, 99, 240), -- discounted
(34, '036632543210', 4, 101, 235),
(34, '036632789456', 6, 121, 265),
(34, '037600112233', 8, 123, 270),
(34, '037600123987', 6, 119, 260),
(34, '037600456789', 10, 127, 280),
(34, '037600998899', 9, 115, 260),
(34, '038000111222', 2, 93, 215),
(34, '038000223344', 2, 94, 220),
(34, '038000246810', 2, 95, 225), -- discounted
(34, '038000789456', 3, 102, 230), -- discounted
(34, '038900567123', 3, 103, 235), -- discounted
(34, '038900998812', 3, 99, 225),
(34, '040000112244', 3, 104, 230),
(34, '040000333111', 4, 103, 225),
(34, '040000987123', 5, 114, 255),
(34, '044000112233', 7, 118, 270),
(34, '044000123456', 5, 107, 245),
(34, '044000889900', 8, 122, 275),
(34, '044000987654', 6, 110, 240),
(34, '046789334455', 5, 105, 225),
(34, '046789665544', 5, 102, 230),
(34, '046789777666', 6, 113, 245),
(34, '046789998877', 4, 102, 225),
(34, '048001111222', 2, 90, 215),
(34, '048001112233', 3, 95, 225),
(34, '048001555789', 4, 100, 235),
(34, '048001999111', 4, 102, 235),
(34, '049000222333', 6, 110, 255),
(34, '049000321654', 6, 112, 260),
(34, '049000777888', 6, 114, 270),
(34, '049000987654', 9, 116, 270),
(34, '050000246813', 9, 120, 275),
(34, '050000334466', 11, 126, 285),
(34, '051000334455', 11, 120, 280),
(34, '051000665544', 7, 110, 250),
(34, '051500123456', 3, 98, 220),
(34, '051500998877', 3, 100, 225),
(34, '073121234567', 13, 128, 300),
(34, '073121888777', 11, 125, 280);

INSERT INTO Inventory (store_id, UPC, sales_price, inv_space, max_inv_space) VALUES
(35, '012000111444', 3, 102, 220),
(35, '012000123789', 3, 104, 225),
(35, '012000333222', 4, 109, 230),
(35, '012000998877', 4, 107, 235),
(35, '013000665544', 6, 115, 240),
(35, '013000999888', 4, 103, 230),
(35, '016000112233', 2, 95, 215),
(35, '016000333222', 2, 97, 220),
(35, '016000456987', 2, 96, 225),
(35, '016000845622', 3, 99, 230),
(35, '025000111333', 3, 101, 230),
(35, '025000867432', 3, 99, 235),
(35, '028000011234', 3, 96, 220),
(35, '028000411111', 3, 98, 225),
(35, '028000421111', 3, 100, 230),
(35, '028000812345', 2, 96, 230),
(35, '034567123456', 5, 108, 255),
(35, '034567897654', 5, 106, 250),
(35, '036632117788', 5, 110, 265),
(35, '036632145789', 4, 101, 250),
(35, '036632543210', 5, 103, 240),
(35, '036632789456', 7, 122, 270),
(35, '037600112233', 9, 125, 280),
(35, '037600123987', 7, 121, 270),
(35, '037600456789', 10, 128, 285),
(35, '037600998899', 10, 117, 270),
(35, '038000111222', 3, 94, 220),
(35, '038000223344', 3, 96, 225),
(35, '038000246810', 3, 97, 230),
(35, '038000789456', 4, 103, 240),
(35, '038900567123', 4, 104, 245),
(35, '038900998812', 4, 101, 240),
(35, '040000112244', 4, 106, 245),
(35, '040000333111', 5, 105, 240),
(35, '040000987123', 6, 116, 265),
(35, '044000112233', 8, 120, 280),
(35, '044000123456', 6, 110, 250),
(35, '044000889900', 9, 124, 285),
(35, '044000987654', 7, 112, 250),
(35, '046789334455', 6, 108, 235),
(35, '046789665544', 6, 104, 240),
(35, '046789777666', 7, 114, 255),
(35, '046789998877', 5, 104, 235),
(35, '048001111222', 3, 92, 220),
(35, '048001112233', 4, 97, 230),
(35, '048001555789', 5, 102, 240),
(35, '048001999111', 5, 104, 240),
(35, '049000222333', 7, 112, 260),
(35, '049000321654', 7, 114, 265),
(35, '049000777888', 7, 116, 275),
(35, '049000987654', 10, 118, 275),
(35, '050000246813', 10, 122, 280),
(35, '050000334466', 12, 128, 290),
(35, '051000334455', 12, 122, 285),
(35, '051000665544', 8, 112, 255),
(35, '051500123456', 4, 100, 230),
(35, '051500998877', 4, 102, 235),
(35, '073121234567', 14, 130, 305),
(35, '073121888777', 12, 127, 285);

INSERT INTO Inventory (store_id, UPC, sales_price, inv_space, max_inv_space) VALUES
(36, '012000111444', 3, 101, 230),
(36, '012000123789', 3, 104, 240),
(36, '012000333222', 4, 110, 250),
(36, '012000998877', 4, 108, 255),
(36, '013000665544', 6, 120, 265),
(36, '013000999888', 4, 105, 245),
(36, '016000112233', 2, 98, 215),
(36, '016000333222', 2, 100, 220),
(36, '016000456987', 2, 99, 225),
(36, '016000845622', 3, 101, 230),
(36, '025000111333', 3, 102, 235),
(36, '025000867432', 3, 100, 230),
(36, '028000011234', 3, 97, 225),
(36, '028000411111', 3, 98, 230),
(36, '028000421111', 3, 102, 240),
(36, '028000812345', 2, 95, 225),
(36, '034567123456', 5, 109, 250),
(36, '034567897654', 5, 107, 255),
(36, '036632117788', 5, 112, 260),
(36, '036632145789', 4, 106, 245),
(36, '036632543210', 5, 108, 250),
(36, '036632789456', 7, 124, 275),
(36, '037600112233', 9, 129, 290),
(36, '037600123987', 7, 120, 270),
(36, '037600456789', 10, 130, 295),
(36, '037600998899', 10, 118, 275),
(36, '038000111222', 3, 96, 220),
(36, '038000223344', 3, 98, 225),
(36, '038000246810', 3, 97, 230),
(36, '038000789456', 4, 105, 240),
(36, '038900567123', 4, 106, 245),
(36, '038900998812', 4, 104, 240),
(36, '040000112244', 4, 107, 250),
(36, '040000333111', 5, 109, 255),
(36, '040000987123', 6, 115, 265),
(36, '044000112233', 8, 123, 280),
(36, '044000123456', 6, 111, 250),
(36, '044000889900', 9, 126, 290),
(36, '044000987654', 7, 113, 255),
(36, '046789334455', 6, 106, 240),
(36, '046789665544', 6, 108, 245),
(36, '046789777666', 7, 116, 260),
(36, '046789998877', 5, 105, 240),
(36, '048001111222', 3, 95, 220),
(36, '048001112233', 4, 99, 225),
(36, '048001555789', 5, 104, 235),
(36, '048001999111', 5, 106, 240),
(36, '049000222333', 7, 114, 260),
(36, '049000321654', 7, 115, 265),
(36, '049000777888', 7, 117, 270),
(36, '049000987654', 10, 119, 275),
(36, '050000246813', 10, 123, 280),
(36, '050000334466', 12, 130, 290),
(36, '051000334455', 12, 126, 285),
(36, '051000665544', 8, 115, 260),
(36, '051500123456', 4, 102, 230),
(36, '051500998877', 4, 104, 235),
(36, '073121234567', 14, 132, 305),
(36, '073121888777', 12, 128, 290);

INSERT INTO Inventory (store_id, UPC, sales_price, inv_space, max_inv_space) VALUES
(37, '012000111444', 3, 101, 230),
(37, '012000123789', 3, 104, 240),
(37, '012000333222', 4, 110, 250),
(37, '012000998877', 4, 0, 255),
(37, '013000665544', 6, 120, 265),
(37, '013000999888', 4, 105, 245),
(37, '016000112233', 2, 0, 215),
(37, '016000333222', 2, 100, 220),
(37, '016000456987', 2, 99, 225),
(37, '016000845622', 3, 101, 230),
(37, '025000111333', 3, 102, 235),
(37, '025000867432', 3, 100, 230),
(37, '028000011234', 3, 0, 225),
(37, '028000411111', 3, 98, 230),
(37, '028000421111', 3, 102, 240),
(37, '028000812345', 2, 95, 225),
(37, '034567123456', 5, 109, 250),
(37, '034567897654', 5, 107, 255),
(37, '036632117788', 5, 112, 260),
(37, '036632145789', 4, 106, 245),
(37, '036632543210', 5, 108, 250),
(37, '036632789456', 7, 124, 275),
(37, '037600112233', 9, 129, 290),
(37, '037600123987', 7, 120, 270),
(37, '037600456789', 10, 130, 295),
(37, '037600998899', 10, 118, 275),
(37, '038000111222', 3, 96, 220),
(37, '038000223344', 3, 98, 225),
(37, '038000246810', 3, 0, 230),
(37, '038000789456', 4, 105, 240),
(37, '038900567123', 4, 106, 245),
(37, '038900998812', 4, 104, 240),
(37, '040000112244', 4, 107, 250),
(37, '040000333111', 5, 109, 255),
(37, '040000987123', 6, 115, 265),
(37, '044000112233', 8, 123, 280),
(37, '044000123456', 6, 111, 250),
(37, '044000889900', 9, 126, 290),
(37, '044000987654', 7, 113, 255),
(37, '046789334455', 6, 106, 240),
(37, '046789665544', 6, 108, 245),
(37, '046789777666', 7, 116, 260),
(37, '046789998877', 5, 105, 240),
(37, '048001111222', 3, 95, 220),
(37, '048001112233', 4, 99, 225),
(37, '048001555789', 5, 104, 235),
(37, '048001999111', 5, 106, 240),
(37, '049000222333', 7, 114, 260),
(37, '049000321654', 7, 115, 265),
(37, '049000777888', 7, 117, 270),
(37, '049000987654', 10, 119, 275),
(37, '050000246813', 10, 123, 280),
(37, '050000334466', 12, 130, 290),
(37, '051000334455', 12, 126, 285),
(37, '051000665544', 8, 115, 260),
(37, '051500123456', 4, 102, 230),
(37, '051500998877', 4, 104, 235),
(37, '073121234567', 14, 132, 305),
(37, '073121888777', 12, 128, 290);

INSERT INTO Inventory (store_id, UPC, sales_price, inv_space, max_inv_space) VALUES
(38, '012000111444', 3, 100, 230),
(38, '012000123789', 3, 104, 240),
(38, '012000333222', 4, 110, 250),
(38, '012000998877', 4, 108, 255),
(38, '013000665544', 6, 120, 265),
(38, '013000999888', 4, 105, 245),
(38, '016000112233', 2, 96, 215),
(38, '016000333222', 2, 100, 220),
(38, '016000456987', 2, 99, 225),
(38, '016000845622', 3, 101, 230),
(38, '025000111333', 3, 102, 235),
(38, '025000867432', 3, 100, 230),
(38, '028000011234', 3, 99, 225),
(38, '028000411111', 3, 98, 230),
(38, '028000421111', 3, 102, 240),
(38, '028000812345', 2, 95, 225),
(38, '034567123456', 5, 109, 250),
(38, '034567897654', 5, 107, 255),
(38, '036632117788', 5, 112, 260),
(38, '036632145789', 4, 106, 245),
(38, '036632543210', 5, 108, 250),
(38, '036632789456', 7, 124, 275),
(38, '037600112233', 9, 129, 290),
(38, '037600123987', 7, 120, 270),
(38, '037600456789', 10, 130, 295),
(38, '037600998899', 10, 118, 275),
(38, '038000111222', 3, 96, 220),
(38, '038000223344', 3, 98, 225),
(38, '038000246810', 3, 97, 230),
(38, '038000789456', 4, 105, 240),
(38, '038900567123', 4, 106, 245),
(38, '038900998812', 4, 104, 240),
(38, '040000112244', 4, 107, 250),
(38, '040000333111', 5, 109, 255),
(38, '040000987123', 6, 115, 265),
(38, '044000112233', 8, 123, 280),
(38, '044000123456', 6, 111, 250),
(38, '044000889900', 9, 126, 290),
(38, '044000987654', 7, 113, 255),
(38, '046789334455', 6, 106, 240),
(38, '046789665544', 6, 108, 245),
(38, '046789777666', 7, 116, 260),
(38, '046789998877', 5, 105, 240),
(38, '048001111222', 3, 95, 220),
(38, '048001112233', 4, 99, 225),
(38, '048001555789', 5, 104, 235),
(38, '048001999111', 5, 106, 240),
(38, '049000222333', 7, 114, 260),
(38, '049000321654', 7, 115, 265),
(38, '049000777888', 7, 117, 270),
(38, '049000987654', 10, 119, 275),
(38, '050000246813', 10, 123, 280),
(38, '050000334466', 12, 130, 290),
(38, '051000334455', 12, 126, 285),
(38, '051000665544', 8, 115, 260),
(38, '051500123456', 4, 102, 230),
(38, '051500998877', 4, 104, 235),
(38, '073121234567', 14, 132, 305),
(38, '073121888777', 12, 128, 290);

INSERT INTO Inventory (store_id, UPC, sales_price, inv_space, max_inv_space) VALUES
(39, '012000111444', 3, 100, 230),
(39, '012000123789', 3, 104, 240),
(39, '012000333222', 4, 110, 250),
(39, '012000998877', 4, 108, 255),
(39, '013000665544', 6, 120, 265),
(39, '013000999888', 4, 105, 245),
(39, '016000112233', 2, 96, 215),
(39, '016000333222', 2, 100, 220),
(39, '016000456987', 2, 99, 225),
(39, '016000845622', 3, 101, 230),
(39, '025000111333', 3, 102, 235),
(39, '025000867432', 3, 100, 230),
(39, '028000011234', 3, 99, 225),
(39, '028000411111', 3, 98, 230),
(39, '028000421111', 3, 102, 240),
(39, '028000812345', 2, 95, 225),
(39, '034567123456', 5, 109, 250),
(39, '034567897654', 5, 107, 255),
(39, '036632117788', 5, 112, 260),
(39, '036632145789', 4, 106, 245),
(39, '036632543210', 5, 108, 250),
(39, '036632789456', 7, 124, 275),
(39, '037600112233', 9, 129, 290),
(39, '037600123987', 7, 120, 270),
(39, '037600456789', 10, 130, 295),
(39, '037600998899', 10, 118, 275),
(39, '038000111222', 3, 96, 220),
(39, '038000223344', 3, 98, 225),
(39, '038000246810', 3, 97, 230),
(39, '038000789456', 4, 105, 240),
(39, '038900567123', 4, 106, 245),
(39, '038900998812', 4, 104, 240),
(39, '040000112244', 4, 107, 250),
(39, '040000333111', 5, 109, 255),
(39, '040000987123', 6, 115, 265),
(39, '044000112233', 8, 123, 280),
(39, '044000123456', 6, 111, 250),
(39, '044000889900', 9, 126, 290),
(39, '044000987654', 7, 113, 255),
(39, '046789334455', 6, 106, 240),
(39, '046789665544', 6, 108, 245),
(39, '046789777666', 7, 116, 260),
(39, '046789998877', 5, 105, 240),
(39, '048001111222', 3, 95, 220),
(39, '048001112233', 4, 99, 225),
(39, '048001555789', 5, 104, 235),
(39, '048001999111', 5, 106, 240),
(39, '049000222333', 7, 114, 260),
(39, '049000321654', 7, 115, 265),
(39, '049000777888', 7, 117, 270),
(39, '049000987654', 10, 119, 275),
(39, '050000246813', 10, 123, 280),
(39, '050000334466', 12, 130, 290),
(39, '051000334455', 12, 126, 285),
(39, '051000665544', 8, 115, 260),
(39, '051500123456', 4, 102, 230),
(39, '051500998877', 4, 104, 235),
(39, '073121234567', 14, 132, 305),
(39, '073121888777', 12, 128, 290);

INSERT INTO Inventory (store_id, UPC, sales_price, inv_space, max_inv_space) VALUES
(40, '012000111444', 3, 101, 230),
(40, '012000123789', 3, 103, 240),
(40, '012000333222', 4, 111, 250),
(40, '012000998877', 4, 107, 255),
(40, '013000665544', 6, 118, 265),
(40, '013000999888', 4, 106, 245),
(40, '016000112233', 2, 98, 215),
(40, '016000333222', 2, 97, 220),
(40, '016000456987', 2, 96, 225),
(40, '016000845622', 3, 100, 230),
(40, '025000111333', 3, 102, 235),
(40, '025000867432', 3, 101, 230),
(40, '028000011234', 3, 99, 225),
(40, '028000411111', 3, 100, 230),
(40, '028000421111', 3, 103, 240),
(40, '028000812345', 2, 95, 225),
(40, '034567123456', 5, 110, 250),
(40, '034567897654', 5, 108, 255),
(40, '036632117788', 5, 111, 260),
(40, '036632145789', 4, 107, 245),
(40, '036632543210', 5, 109, 250),
(40, '036632789456', 7, 125, 275),
(40, '037600112233', 9, 130, 290),
(40, '037600123987', 7, 121, 270),
(40, '037600456789', 10, 131, 295),
(40, '037600998899', 10, 120, 275),
(40, '038000111222', 3, 97, 220),
(40, '038000223344', 3, 99, 225),
(40, '038000246810', 3, 98, 230),
(40, '038000789456', 4, 106, 240),
(40, '038900567123', 4, 105, 245),
(40, '038900998812', 4, 107, 240),
(40, '040000112244', 4, 108, 250),
(40, '040000333111', 5, 110, 255),
(40, '040000987123', 6, 114, 265),
(40, '044000112233', 8, 122, 280),
(40, '044000123456', 6, 110, 250),
(40, '044000889900', 9, 127, 290),
(40, '044000987654', 7, 114, 255),
(40, '046789334455', 6, 107, 240),
(40, '046789665544', 6, 109, 245),
(40, '046789777666', 7, 117, 260),
(40, '046789998877', 5, 104, 240),
(40, '048001111222', 3, 96, 220),
(40, '048001112233', 4, 100, 225),
(40, '048001555789', 5, 105, 235),
(40, '048001999111', 5, 107, 240),
(40, '049000222333', 7, 115, 260),
(40, '049000321654', 7, 116, 265),
(40, '049000777888', 7, 118, 270),
(40, '049000987654', 10, 120, 275),
(40, '050000246813', 10, 124, 280),
(40, '050000334466', 12, 131, 290),
(40, '051000334455', 12, 127, 285),
(40, '051000665544', 8, 116, 260),
(40, '051500123456', 4, 101, 230),
(40, '051500998877', 4, 103, 235),
(40, '073121234567', 14, 133, 305),
(40, '073121888777', 12, 129, 290);

INSERT INTO Inventory (store_id, UPC, sales_price, inv_space, max_inv_space) VALUES
(41, '012000111444', 2, 100, 230),
(41, '012000123789', 2, 104, 240),
(41, '012000333222', 3, 110, 250),
(41, '012000998877', 3, 108, 255),
(41, '013000665544', 5, 120, 265),
(41, '013000999888', 3, 105, 245),
(41, '016000112233', 1, 96, 215),
(41, '016000333222', 1, 100, 220),
(41, '016000456987', 1, 99, 225),
(41, '016000845622', 2, 101, 230),
(41, '025000111333', 2, 102, 235),
(41, '025000867432', 2, 100, 230),
(41, '028000011234', 2, 99, 225),
(41, '028000411111', 2, 98, 230),
(41, '028000421111', 2, 102, 240),
(41, '028000812345', 1, 95, 225),
(41, '034567123456', 4, 109, 250),
(41, '034567897654', 4, 107, 255),
(41, '036632117788', 4, 112, 260),
(41, '036632145789', 3, 106, 245),
(41, '036632543210', 4, 108, 250),
(41, '036632789456', 6, 124, 275),
(41, '037600112233', 8, 129, 290),
(41, '037600123987', 6, 120, 270),
(41, '037600456789', 9, 130, 295),
(41, '037600998899', 9, 118, 275),
(41, '038000111222', 2, 96, 220),
(41, '038000223344', 2, 98, 225),
(41, '038000246810', 2, 97, 230),
(41, '038000789456', 3, 105, 240),
(41, '038900567123', 3, 106, 245),
(41, '038900998812', 3, 104, 240),
(41, '040000112244', 3, 107, 250),
(41, '040000333111', 4, 109, 255),
(41, '040000987123', 5, 115, 265),
(41, '044000112233', 7, 123, 280),
(41, '044000123456', 5, 111, 250),
(41, '044000889900', 8, 126, 290),
(41, '044000987654', 6, 113, 255),
(41, '046789334455', 5, 106, 240),
(41, '046789665544', 5, 108, 245),
(41, '046789777666', 6, 116, 260),
(41, '046789998877', 4, 105, 240),
(41, '048001111222', 2, 95, 220),
(41, '048001112233', 3, 99, 225),
(41, '048001555789', 4, 104, 235),
(41, '048001999111', 4, 106, 240),
(41, '049000222333', 6, 114, 260),
(41, '049000321654', 6, 115, 265),
(41, '049000777888', 6, 117, 270),
(41, '049000987654', 9, 119, 275),
(41, '050000246813', 9, 123, 280),
(41, '050000334466', 11, 130, 290),
(41, '051000334455', 11, 126, 285),
(41, '051000665544', 7, 115, 260),
(41, '051500123456', 3, 102, 230),
(41, '051500998877', 3, 104, 235),
(41, '073121234567', 13, 132, 305),
(41, '073121888777', 11, 128, 290);

INSERT INTO Inventory (store_id, UPC, sales_price, inv_space, max_inv_space) VALUES
(42, '012000111444', 2, 100, 230),
(42, '012000123789', 2, 104, 240),
(42, '012000333222', 3, 110, 250),
(42, '012000998877', 3, 108, 255),
(42, '013000665544', 5, 120, 265),
(42, '013000999888', 3, 105, 245),
(42, '016000112233', 1, 96, 215),
(42, '016000333222', 1, 100, 220),
(42, '016000456987', 1, 99, 225),
(42, '016000845622', 2, 101, 230),
(42, '025000111333', 2, 102, 235),
(42, '025000867432', 2, 100, 230),
(42, '028000011234', 2, 99, 225),
(42, '028000411111', 2, 98, 230),
(42, '028000421111', 2, 102, 240),
(42, '028000812345', 1, 95, 225),
(42, '034567123456', 4, 109, 250),
(42, '034567897654', 4, 107, 255),
(42, '036632117788', 4, 112, 260),
(42, '036632145789', 3, 106, 245),
(42, '036632543210', 4, 108, 250),
(42, '036632789456', 6, 124, 275),
(42, '037600112233', 8, 129, 290),
(42, '037600123987', 6, 120, 270),
(42, '037600456789', 9, 130, 295),
(42, '037600998899', 9, 118, 275),
(42, '038000111222', 2, 96, 220),
(42, '038000223344', 2, 98, 225),
(42, '038000246810', 2, 97, 230),
(42, '038000789456', 3, 105, 240),
(42, '038900567123', 3, 106, 245),
(42, '038900998812', 3, 104, 240),
(42, '040000112244', 3, 107, 250),
(42, '040000333111', 4, 109, 255),
(42, '040000987123', 5, 115, 265),
(42, '044000112233', 7, 123, 280),
(42, '044000123456', 5, 111, 250),
(42, '044000889900', 8, 126, 290),
(42, '044000987654', 6, 113, 255),
(42, '046789334455', 5, 106, 240),
(42, '046789665544', 5, 108, 245),
(42, '046789777666', 6, 116, 260),
(42, '046789998877', 4, 105, 240),
(42, '048001111222', 2, 95, 220),
(42, '048001112233', 3, 99, 225),
(42, '048001555789', 4, 104, 235),
(42, '048001999111', 4, 106, 240),
(42, '049000222333', 6, 114, 260),
(42, '049000321654', 6, 115, 265),
(42, '049000777888', 6, 117, 270),
(42, '049000987654', 9, 119, 275),
(42, '050000246813', 9, 123, 280),
(42, '050000334466', 11, 130, 290),
(42, '051000334455', 11, 126, 285),
(42, '051000665544', 7, 115, 260),
(42, '051500123456', 3, 102, 230),
(42, '051500998877', 3, 104, 235),
(42, '073121234567', 13, 132, 305),
(42, '073121888777', 11, 128, 290);

INSERT INTO Inventory (store_id, UPC, sales_price, inv_space, max_inv_space) VALUES
(43, '012000111444', 3, 100, 230),
(43, '012000123789', 3, 104, 240),
(43, '012000333222', 4, 110, 250),
(43, '012000998877', 6, 108, 255),
(43, '013000665544', 7, 120, 265),
(43, '013000999888', 4, 105, 245),
(43, '016000112233', 2, 96, 215),
(43, '016000333222', 2, 100, 220),
(43, '016000456987', 3, 99, 225),
(43, '016000845622', 5, 101, 230),
(43, '025000111333', 3, 102, 235),
(43, '025000867432', 3, 100, 230),
(43, '028000011234', 2, 99, 225),
(43, '028000411111', 2, 98, 230),
(43, '028000421111', 3, 102, 240),
(43, '028000812345', 2, 95, 225),
(43, '034567123456', 5, 109, 250),
(43, '034567897654', 5, 107, 255),
(43, '036632117788', 6, 112, 260),
(43, '036632145789', 8, 106, 245),
(43, '036632543210', 8, 108, 250),
(43, '036632789456', 10, 124, 275),
(43, '037600112233', 8, 129, 290),
(43, '037600123987', 9, 120, 270),
(43, '037600456789', 11, 130, 295),
(43, '037600998899', 9, 118, 275),
(43, '038000111222', 2, 96, 220),
(43, '038000223344', 2, 98, 225),
(43, '038000246810', 3, 97, 230),
(43, '038000789456', 5, 105, 240),
(43, '038900567123', 3, 106, 245),
(43, '038900998812', 4, 104, 240),
(43, '040000112244', 4, 107, 250),
(43, '040000333111', 6, 109, 255),
(43, '040000987123', 8, 115, 265),
(43, '044000112233', 10, 123, 280),
(43, '044000123456', 8, 111, 250),
(43, '044000889900', 12, 126, 290),
(43, '044000987654', 10, 113, 255),
(43, '046789334455', 7, 106, 240),
(43, '046789665544', 6, 108, 245),
(43, '046789777666', 10, 116, 260),
(43, '046789998877', 7, 105, 240),
(43, '048001111222', 2, 95, 220),
(43, '048001112233', 3, 99, 225),
(43, '048001555789', 5, 104, 235),
(43, '048001999111', 7, 106, 240),
(43, '049000222333', 9, 114, 260),
(43, '049000321654', 9, 115, 265),
(43, '049000777888', 10, 117, 270),
(43, '049000987654', 11, 119, 275),
(43, '050000246813', 10, 123, 280),
(43, '050000334466', 13, 130, 290),
(43, '051000334455', 11, 126, 285),
(43, '051000665544', 10, 115, 260),
(43, '051500123456', 3, 102, 230),
(43, '051500998877', 4, 104, 235),
(43, '073121234567', 6, 132, 305),
(43, '073121888777', 10, 128, 290);

INSERT INTO Inventory (store_id, UPC, sales_price, inv_space, max_inv_space) VALUES
(44, '012000111444', 3, 100, 230),
(44, '012000123789', 3, 104, 240),
(44, '012000333222', 4, 110, 250),
(44, '012000998877', 6, 108, 255),
(44, '013000665544', 7, 120, 265),
(44, '013000999888', 4, 105, 245),
(44, '016000112233', 2, 96, 215),
(44, '016000333222', 2, 100, 220),
(44, '016000456987', 3, 99, 225),
(44, '016000845622', 5, 101, 230),
(44, '025000111333', 3, 102, 235),
(44, '025000867432', 3, 100, 230),
(44, '028000011234', 2, 99, 225),
(44, '028000411111', 2, 98, 230),
(44, '028000421111', 3, 102, 240),
(44, '028000812345', 2, 95, 225),
(44, '034567123456', 5, 109, 250),
(44, '034567897654', 5, 107, 255),
(44, '036632117788', 6, 112, 260),
(44, '036632145789', 8, 106, 245),
(44, '036632543210', 8, 108, 250),
(44, '036632789456', 10, 124, 275),
(44, '037600112233', 8, 129, 290),
(44, '037600123987', 9, 120, 270),
(44, '037600456789', 11, 130, 295),
(44, '037600998899', 9, 118, 275),
(44, '038000111222', 2, 96, 220),
(44, '038000223344', 2, 98, 225),
(44, '038000246810', 3, 97, 230),
(44, '038000789456', 5, 105, 240),
(44, '038900567123', 3, 106, 245),
(44, '038900998812', 4, 104, 240),
(44, '040000112244', 4, 107, 250),
(44, '040000333111', 6, 109, 255),
(44, '040000987123', 8, 115, 265),
(44, '044000112233', 10, 123, 280),
(44, '044000123456', 8, 111, 250),
(44, '044000889900', 12, 126, 290),
(44, '044000987654', 10, 113, 255),
(44, '046789334455', 7, 106, 240),
(44, '046789665544', 6, 108, 245),
(44, '046789777666', 10, 116, 260),
(44, '046789998877', 7, 105, 240),
(44, '048001111222', 2, 95, 220),
(44, '048001112233', 3, 99, 225),
(44, '048001555789', 5, 104, 235),
(44, '048001999111', 7, 106, 240),
(44, '049000222333', 9, 114, 260),
(44, '049000321654', 9, 115, 265),
(44, '049000777888', 10, 117, 270),
(44, '049000987654', 11, 119, 275),
(44, '050000246813', 10, 123, 280),
(44, '050000334466', 13, 130, 290),
(44, '051000334455', 11, 126, 285),
(44, '051000665544', 10, 115, 260),
(44, '051500123456', 3, 102, 230),
(44, '051500998877', 4, 104, 235),
(44, '073121234567', 6, 132, 305),
(44, '073121888777', 10, 128, 290);

INSERT INTO Inventory (store_id, UPC, sales_price, inv_space, max_inv_space) VALUES
(45, '012000111444', 3, 100, 230),
(45, '012000123789', 3, 104, 240),
(45, '012000333222', 4, 110, 250),
(45, '012000998877', 6, 108, 255),
(45, '013000665544', 7, 120, 265),
(45, '013000999888', 4, 105, 245),
(45, '016000112233', 2, 96, 215),
(45, '016000333222', 2, 100, 220),
(45, '016000456987', 3, 99, 225),
(45, '016000845622', 5, 101, 230),
(45, '025000111333', 3, 102, 235),
(45, '025000867432', 3, 100, 230),
(45, '028000011234', 2, 99, 225),
(45, '028000411111', 2, 98, 230),
(45, '028000421111', 3, 102, 240),
(45, '028000812345', 2, 95, 225),
(45, '034567123456', 5, 109, 250),
(45, '034567897654', 5, 107, 255),
(45, '036632117788', 6, 112, 260),
(45, '036632145789', 8, 106, 245),
(45, '036632543210', 8, 108, 250),
(45, '036632789456', 10, 124, 275),
(45, '037600112233', 8, 129, 290),
(45, '037600123987', 9, 120, 270),
(45, '037600456789', 11, 130, 295),
(45, '037600998899', 9, 118, 275),
(45, '038000111222', 2, 96, 220),
(45, '038000223344', 2, 98, 225),
(45, '038000246810', 3, 97, 230),
(45, '038000789456', 5, 105, 240),
(45, '038900567123', 3, 106, 245),
(45, '038900998812', 4, 104, 240),
(45, '040000112244', 4, 107, 250),
(45, '040000333111', 6, 109, 255),
(45, '040000987123', 8, 115, 265),
(45, '044000112233', 10, 123, 280),
(45, '044000123456', 8, 111, 250),
(45, '044000889900', 12, 126, 290),
(45, '044000987654', 10, 113, 255),
(45, '046789334455', 7, 106, 240),
(45, '046789665544', 6, 108, 245),
(45, '046789777666', 10, 116, 260),
(45, '046789998877', 7, 105, 240),
(45, '048001111222', 2, 95, 220),
(45, '048001112233', 3, 99, 225),
(45, '048001555789', 5, 104, 235),
(45, '048001999111', 7, 106, 240),
(45, '049000222333', 9, 114, 260),
(45, '049000321654', 9, 115, 265),
(45, '049000777888', 10, 117, 270),
(45, '049000987654', 11, 119, 275),
(45, '050000246813', 10, 123, 280),
(45, '050000334466', 13, 130, 290),
(45, '051000334455', 11, 126, 285),
(45, '051000665544', 10, 115, 260),
(45, '051500123456', 3, 102, 230),
(45, '051500998877', 4, 104, 235),
(45, '073121234567', 6, 132, 305),
(45, '073121888777', 10, 128, 290);

INSERT INTO Inventory (store_id, UPC, sales_price, inv_space, max_inv_space) VALUES
(46, '012000111444', 3, 0, 230),
(46, '012000123789', 3, 0, 240),
(46, '012000333222', 4, 0, 250),
(46, '012000998877', 6, 0, 255),
(46, '013000665544', 7, 0, 265),
(46, '013000999888', 4, 100, 245),
(46, '016000112233', 2, 105, 220),
(46, '016000333222', 2, 0, 220),
(46, '016000456987', 3, 100, 225),
(46, '016000845622', 5, 110, 230),
(46, '025000111333', 3, 0, 235),
(46, '025000867432', 3, 120, 230),
(46, '028000011234', 2, 0, 225),
(46, '028000411111', 2, 95, 230),
(46, '028000421111', 3, 0, 240),
(46, '028000812345', 2, 100, 225),
(46, '034567123456', 5, 115, 250),
(46, '034567897654', 5, 0, 255),
(46, '036632117788', 6, 105, 260),
(46, '036632145789', 8, 0, 245),
(46, '036632543210', 8, 120, 250),
(46, '036632789456', 10, 130, 275),
(46, '037600112233', 8, 125, 290),
(46, '037600123987', 9, 100, 270),
(46, '037600456789', 11, 0, 295),
(46, '037600998899', 9, 105, 275),
(46, '038000111222', 2, 0, 220),
(46, '038000223344', 2, 100, 225),
(46, '038000246810', 3, 95, 230),
(46, '038000789456', 5, 0, 240),
(46, '038900567123', 3, 110, 245),
(46, '038900998812', 4, 100, 240),
(46, '040000112244', 4, 115, 250),
(46, '040000333111', 6, 120, 255),
(46, '040000987123', 8, 130, 265),
(46, '044000112233', 10, 125, 280),
(46, '044000123456', 8, 0, 250),
(46, '044000889900', 12, 140, 290),
(46, '044000987654', 10, 115, 255),
(46, '046789334455', 7, 120, 240),
(46, '046789665544', 6, 110, 245),
(46, '046789777666', 10, 130, 260),
(46, '046789998877', 7, 0, 240),
(46, '048001111222', 2, 95, 220),
(46, '048001112233', 3, 100, 225),
(46, '048001555789', 5, 110, 235),
(46, '048001999111', 7, 0, 240),
(46, '049000222333', 9, 115, 260),
(46, '049000321654', 9, 110, 265),
(46, '049000777888', 10, 120, 270),
(46, '049000987654', 11, 125, 275),
(46, '050000246813', 10, 130, 280),
(46, '050000334466', 13, 135, 290),
(46, '051000334455', 11, 130, 285),
(46, '051000665544', 10, 115, 260),
(46, '051500123456', 3, 105, 230),
(46, '051500998877', 4, 110, 235),
(46, '073121234567', 6, 140, 305),
(46, '073121888777', 10, 130, 290);

INSERT INTO Inventory (store_id, UPC, sales_price, inv_space, max_inv_space) VALUES
(47, '012000111444', 3, 105, 230),
(47, '012000123789', 3, 98, 240),
(47, '012000333222', 4, 100, 250),
(47, '012000998877', 6, 110, 255),
(47, '013000665544', 7, 115, 265),
(47, '013000999888', 4, 102, 245),
(47, '016000112233', 2, 95, 220),
(47, '016000333222', 2, 99, 220),
(47, '016000456987', 3, 104, 225),
(47, '016000845622', 5, 106, 230),
(47, '025000111333', 3, 100, 235),
(47, '025000867432', 3, 103, 230),
(47, '028000011234', 2, 98, 225),
(47, '028000411111', 2, 96, 230),
(47, '028000421111', 3, 107, 240),
(47, '028000812345', 2, 92, 225),
(47, '034567123456', 5, 109, 250),
(47, '034567897654', 5, 110, 255),
(47, '036632117788', 6, 112, 260),
(47, '036632145789', 8, 113, 245),
(47, '036632543210', 8, 116, 250),
(47, '036632789456', 10, 120, 275),
(47, '037600112233', 8, 122, 290),
(47, '037600123987', 9, 115, 270),
(47, '037600456789', 11, 130, 295),
(47, '037600998899', 9, 120, 275),
(47, '038000111222', 2, 97, 220),
(47, '038000223344', 2, 99, 225),
(47, '038000246810', 3, 105, 230),
(47, '038000789456', 5, 108, 240),
(47, '038900567123', 3, 110, 245),
(47, '038900998812', 4, 100, 240),
(47, '040000112244', 4, 108, 250),
(47, '040000333111', 6, 111, 255),
(47, '040000987123', 8, 118, 265),
(47, '044000112233', 10, 125, 280),
(47, '044000123456', 8, 116, 250),
(47, '044000889900', 12, 130, 290),
(47, '044000987654', 10, 120, 255),
(47, '046789334455', 7, 109, 240),
(47, '046789665544', 6, 103, 245),
(47, '046789777666', 10, 118, 260),
(47, '046789998877', 7, 100, 240),
(47, '048001111222', 2, 95, 220),
(47, '048001112233', 3, 98, 225),
(47, '048001555789', 5, 106, 235),
(47, '048001999111', 7, 108, 240),
(47, '049000222333', 9, 115, 260),
(47, '049000321654', 9, 118, 265),
(47, '049000777888', 10, 120, 270),
(47, '049000987654', 11, 123, 275),
(47, '050000246813', 10, 128, 280),
(47, '050000334466', 13, 130, 290),
(47, '051000334455', 11, 125, 285),
(47, '051000665544', 10, 116, 260),
(47, '051500123456', 3, 105, 230),
(47, '051500998877', 4, 100, 235),
(47, '073121234567', 6, 140, 305),
(47, '073121888777', 10, 130, 290);

INSERT INTO Inventory (store_id, UPC, sales_price, inv_space, max_inv_space) VALUES
(48, '012000111444', 3, 100, 230),
(48, '012000123789', 3, 105, 240),
(48, '012000333222', 4, 110, 250),
(48, '012000998877', 6, 115, 255),
(48, '013000665544', 7, 120, 265),
(48, '013000999888', 4, 125, 245),
(48, '016000112233', 2, 130, 220),
(48, '016000333222', 2, 135, 220),
(48, '016000456987', 3, 140, 225),
(48, '016000845622', 5, 145, 230),
(48, '025000111333', 3, 150, 235),
(48, '025000867432', 3, 155, 230),
(48, '028000011234', 2, 160, 225),
(48, '028000411111', 2, 165, 230),
(48, '028000421111', 3, 170, 240),
(48, '028000812345', 2, 175, 225),
(48, '034567123456', 5, 180, 250),
(48, '034567897654', 5, 185, 255),
(48, '036632117788', 6, 190, 260),
(48, '036632145789', 8, 195, 245),
(48, '036632543210', 8, 200, 250),
(48, '036632789456', 10, 205, 275),
(48, '037600112233', 8, 210, 290),
(48, '037600123987', 9, 215, 270),
(48, '037600456789', 11, 220, 295),
(48, '037600998899', 9, 225, 275),
(48, '038000111222', 2, 230, 220),
(48, '038000223344', 2, 235, 225),
(48, '038000246810', 3, 240, 230),
(48, '038000789456', 5, 245, 240),
(48, '038900567123', 3, 250, 245),
(48, '038900998812', 4, 255, 240),
(48, '040000112244', 4, 260, 250),
(48, '040000333111', 6, 265, 255),
(48, '040000987123', 8, 270, 265),
(48, '044000112233', 10, 275, 280),
(48, '044000123456', 8, 280, 250),
(48, '044000889900', 12, 285, 290),
(48, '044000987654', 10, 290, 255),
(48, '046789334455', 7, 295, 240),
(48, '046789665544', 6, 300, 245),
(48, '046789777666', 10, 305, 260),
(48, '046789998877', 7, 310, 240),
(48, '048001111222', 2, 315, 220),
(48, '048001112233', 3, 320, 225),
(48, '048001555789', 5, 325, 235),
(48, '048001999111', 7, 330, 240),
(48, '049000222333', 9, 335, 260),
(48, '049000321654', 9, 340, 265),
(48, '049000777888', 10, 345, 270),
(48, '049000987654', 11, 350, 275),
(48, '050000246813', 10, 355, 280),
(48, '050000334466', 13, 360, 290),
(48, '051000334455', 11, 365, 285),
(48, '051000665544', 10, 370, 260),
(48, '051500123456', 3, 375, 230),
(48, '051500998877', 4, 380, 235),
(48, '073121234567', 6, 385, 305),
(48, '073121888777', 10, 390, 290);

INSERT INTO Inventory (store_id, UPC, sales_price, inv_space, max_inv_space) VALUES
(49, '012000111444', 3, 110, 230),
(49, '012000123789', 3, 115, 240),
(49, '012000333222', 4, 120, 250),
(49, '012000998877', 6, 125, 255),
(49, '013000665544', 7, 130, 265),
(49, '013000999888', 4, 135, 245),
(49, '016000112233', 2, 140, 220),
(49, '016000333222', 2, 145, 220),
(49, '016000456987', 3, 150, 225),
(49, '016000845622', 5, 155, 230),
(49, '025000111333', 3, 160, 235),
(49, '025000867432', 3, 165, 230),
(49, '028000011234', 2, 170, 225),
(49, '028000411111', 2, 175, 230),
(49, '028000421111', 3, 180, 240),
(49, '028000812345', 2, 185, 225),
(49, '034567123456', 5, 190, 250),
(49, '034567897654', 5, 195, 255),
(49, '036632117788', 6, 200, 260),
(49, '036632145789', 8, 205, 245),
(49, '036632543210', 8, 210, 250),
(49, '036632789456', 10, 215, 275),
(49, '037600112233', 8, 220, 290),
(49, '037600123987', 9, 225, 270),
(49, '037600456789', 11, 230, 295),
(49, '037600998899', 9, 235, 275),
(49, '038000111222', 2, 240, 220),
(49, '038000223344', 2, 245, 225),
(49, '038000246810', 3, 250, 230),
(49, '038000789456', 5, 255, 240),
(49, '038900567123', 3, 260, 245),
(49, '038900998812', 4, 265, 240),
(49, '040000112244', 4, 270, 250),
(49, '040000333111', 6, 275, 255),
(49, '040000987123', 8, 280, 265),
(49, '044000112233', 10, 285, 280),
(49, '044000123456', 8, 290, 250),
(49, '044000889900', 12, 295, 290),
(49, '044000987654', 10, 300, 255),
(49, '046789334455', 7, 305, 240),
(49, '046789665544', 6, 310, 245),
(49, '046789777666', 10, 315, 260),
(49, '046789998877', 7, 320, 240),
(49, '048001111222', 2, 325, 220),
(49, '048001112233', 3, 330, 225),
(49, '048001555789', 5, 335, 235),
(49, '048001999111', 7, 340, 240),
(49, '049000222333', 9, 345, 260),
(49, '049000321654', 9, 350, 265),
(49, '049000777888', 10, 355, 270),
(49, '049000987654', 11, 360, 275),
(49, '050000246813', 10, 365, 280),
(49, '050000334466', 13, 370, 290),
(49, '051000334455', 11, 375, 285),
(49, '051000665544', 10, 380, 260),
(49, '051500123456', 3, 385, 230),
(49, '051500998877', 4, 390, 235),
(49, '073121234567', 6, 395, 305),
(49, '073121888777', 10, 400, 290);

INSERT INTO Inventory (store_id, UPC, sales_price, inv_space, max_inv_space) VALUES
(50, '012000111444', 3, 0, 230),
(50, '012000123789', 3, 0, 240),
(50, '012000333222', 4, 0, 250),
(50, '012000998877', 6, 0, 255),
(50, '013000665544', 7, 0, 265),
(50, '013000999888', 4, 0, 245),
(50, '016000112233', 2, 0, 220),
(50, '016000333222', 2, 0, 220),
(50, '016000456987', 3, 0, 225),
(50, '016000845622', 5, 0, 230),
(50, '025000111333', 3, 0, 235),
(50, '025000867432', 3, 0, 230),
(50, '028000011234', 2, 0, 225),
(50, '028000411111', 2, 0, 230),
(50, '028000421111', 3, 0, 240),
(50, '028000812345', 2, 0, 225),
(50, '034567123456', 5, 0, 250),
(50, '034567897654', 5, 0, 255),
(50, '036632117788', 6, 0, 260),
(50, '036632145789', 8, 0, 245),
(50, '036632543210', 8, 0, 250),
(50, '036632789456', 10, 0, 275),
(50, '037600112233', 8, 0, 290),
(50, '037600123987', 9, 0, 270),
(50, '037600456789', 11, 0, 295),
(50, '037600998899', 9, 0, 275),
(50, '038000111222', 2, 0, 220),
(50, '038000223344', 2, 0, 225),
(50, '038000246810', 3, 0, 230),
(50, '038000789456', 5, 0, 240),
(50, '038900567123', 3, 0, 245),
(50, '038900998812', 4, 0, 240),
(50, '040000112244', 4, 0, 250),
(50, '040000333111', 6, 0, 255),
(50, '040000987123', 8, 0, 265),
(50, '044000112233', 10, 0, 280),
(50, '044000123456', 8, 0, 250),
(50, '044000889900', 12, 0, 290),
(50, '044000987654', 10, 0, 255),
(50, '046789334455', 7, 0, 240),
(50, '046789665544', 6, 0, 245),
(50, '046789777666', 10, 0, 260),
(50, '046789998877', 7, 0, 240),
(50, '048001111222', 2, 0, 220),
(50, '048001112233', 3, 0, 225),
(50, '048001555789', 5, 0, 235),
(50, '048001999111', 7, 0, 240),
(50, '049000222333', 9, 0, 260),
(50, '049000321654', 9, 0, 265),
(50, '049000777888', 10, 0, 270),
(50, '049000987654', 11, 0, 275),
(50, '050000246813', 10, 0, 280),
(50, '050000334466', 13, 0, 290),
(50, '051000334455', 11, 0, 285),
(50, '051000665544', 10, 0, 260),
(50, '051500123456', 3, 0, 230),
(50, '051500998877', 4, 0, 235),
(50, '073121234567', 6, 0, 305),
(50, '073121888777', 10, 0, 290);

*/

/*
INSERT INTO Products (
    UPC, product_name, product_size, unit_price, standard_price, source_nation, brand
) VALUES
('012000111444', 'Pepsi Zero Sugar', 355, 199, 3, 'USA', 'Pepsi'),
('012000123789', 'Pepsi Max', 355, 199, 3, 'USA', 'Pepsi'),
('012000333222', 'Pepsi Diet', 355, 199, 4, 'USA', 'Pepsi'),
('012000998877', 'Pepsi Wild Cherry', 355, 209, 6, 'USA', 'Pepsi'),
('013000665544', 'Heinz BBQ Sauce', 510, 329, 7, 'USA', 'Heinz'),
('013000999888', 'Heinz Yellow Mustard', 396, 219, 4, 'USA', 'Heinz'),
('016000112233', 'Cheerios Apple Cinnamon', 340, 329, 2, 'USA', 'Cheerios'),
('016000333222', 'Cheerios Original', 340, 319, 2, 'USA', 'Cheerios'),
('016000456987', 'Cheerios Honey Nut', 340, 329, 3, 'USA', 'Cheerios'),
('016000845622', 'Cheerios Multigrain', 340, 299, 5, 'USA', 'Cheerios'),
('025000111333', 'Healthy Choice Bowl', 284, 359, 3, 'USA', 'Healthy Choice'),
('025000867432', 'Healthy Choice Steamer', 284, 369, 3, 'USA', 'Healthy Choice'),
('028000011234', 'Nestlé Chocolate Bar', 100, 149, 2, 'Switzerland', 'Nestlé'),
('028000411111', 'Nestlé Nesquik Powder', 400, 349, 2, 'Switzerland', 'Nestlé'),
('028000421111', 'Nestlé Hot Cocoa Mix', 200, 249, 3, 'Switzerland', 'Nestlé'),
('028000812345', 'Nestlé Toll House Chips', 326, 349, 2, 'Switzerland', 'Nestlé'),
('034567123456', 'Hershey’s Kisses', 200, 299, 5, 'USA', 'Hershey''s'),
('034567897654', 'Hershey’s Milk Chocolate', 150, 249, 5, 'USA', 'Hershey''s'),
('036632117788', 'Danone Fruit Yogurt', 150, 189, 7, 'France', 'Danone'),
('036632145789', 'Danone Greek Yogurt', 150, 199, 4, 'France', 'Danone'),
('036632543210', 'Danone Kids Yogurt', 100, 159, 4, 'France', 'Danone'),
('036632789456', 'Danone Organic Yogurt', 150, 209, 6, 'France', 'Danone'),
('037600112233', 'Spam Lite', 340, 319, 8, 'USA', 'Spam'),
('037600123987', 'Spam Classic', 340, 329, 8, 'USA', 'Spam'),
('037600456789', 'Spam Bacon', 340, 349, 10, 'USA', 'Spam'),
('037600998899', 'Spam Jalapeño', 340, 359, 11, 'USA', 'Spam'),
('038000111222', 'Pringles Cheddar Cheese', 156, 229, 2, 'USA', 'Pringles'),
('038000223344', 'Pringles Ranch', 156, 249, 2, 'USA', 'Pringles'),
('038000246810', 'Pringles Pizza', 150, 259, 3, 'USA', 'Pringles'),
('038000789456', 'Pringles BBQ', 156, 249, 4, 'USA', 'Pringles'),
('038900567123', 'Dole Diced Peaches', 450, 249, 4, 'USA', 'Dole'),
('038900998812', 'Dole Pineapple Juice', 450, 269, 5, 'USA', 'Dole'),
('040000112244', 'Mars Twix', 120, 199, 3, 'USA', 'Mars'),
('040000333111', 'Mars Snickers', 120, 199, 4, 'USA', 'Mars'),
('040000987123', 'Mars Milk Chocolate', 120, 199, 5, 'USA', 'Mars'),
('044000112233', 'Oreo Golden Sandwich', 154, 299, 7, 'USA', 'Oreo'),
('044000123456', 'Oreo Original', 154, 299, 5, 'USA', 'Oreo'),
('044000889900', 'Oreo Mint', 154, 299, 8, 'USA', 'Oreo'),
('044000987654', 'Oreo Thins Mint', 200, 319, 7, 'USA', 'Oreo'),
('046789334455', 'Chobani Flip Strawberry', 150, 229, 5, 'USA', 'Chobani'),
('046789665544', 'Tillamook Ice Cream Vanilla', 473, 549, 5, 'USA', 'Tillamook'),
('046789777666', 'Chobani Plain Yogurt', 200, 219, 6, 'USA', 'Chobani'),
('046789998877', 'Tillamook Sharp Cheddar', 227, 399, 6, 'USA', 'Tillamook'),
('048001111222', 'Knorr Pasta Alfredo', 130, 179, 2, 'Germany', 'Knorr'),
('048001112233', 'Knorr Chicken Bouillon', 80, 179, 3, 'Germany', 'Knorr'),
('048001555789', 'Knorr Rice Sides', 145, 179, 4, 'Germany', 'Knorr'),
('048001999111', 'Knorr Chili Sauce Mix', 125, 159, 4, 'Germany', 'Knorr'),
('049000222333', 'Coca-Cola Vanilla', 355, 189, 6, 'USA', 'Coca-Cola'),
('049000321654', 'Coca-Cola Zero', 355, 189, 6, 'USA', 'Coca-Cola'),
('049000777888', 'Coca-Cola Cherry', 355, 199, 6, 'USA', 'Coca-Cola'),
('049000987654', 'Coca-Cola Original', 500, 229, 9, 'USA', 'Coca-Cola'),
('050000246813', 'Gerber Banana Puree', 113, 199, 9, 'USA', 'Gerber'),
('050000334466', 'Gerber Apple Puree', 113, 199, 11, 'USA', 'Gerber'),
('051000334455', 'V8 Splash Mango Peach', 473, 239, 11, 'USA', 'V8'),
('051000665544', 'V8 Vegetable Juice', 355, 229, 7, 'USA', 'V8'),
('051500123456', 'Sargento String Cheese', 168, 349, 3, 'USA', 'Sargento'),
('051500998877', 'Sargento Provolone Slices', 170, 369, 3, 'USA', 'Sargento'),
('073121234567', 'Green Giant Corn Niblets', 400, 229, 13, 'USA', 'Green Giant'),
('073121888777', 'Green Giant Broccoli Cuts', 400, 249, 11, 'USA', 'Green Giant');
*/

/*
INSERT INTO `Reorder Requests` (order_status, order_seen, reorder_date, reorder_received_date, store_id, vendor_id) VALUES
('Pending', 0, '2025-04-21', NULL, 17, 1),
('Pending', 0, '2025-04-21', NULL, 17, 16),
('Pending', 0, '2025-04-21', NULL, 17, 10),
('Pending', 0, '2025-04-21', NULL, 17, 11),
('Pending', 0, '2025-04-21', NULL, 17, 6);
*/