-- Insert Vendor here
INSERT INTO Vendor (vend_name, email, phone_number)
VALUES
('Nestlé Foods', 'contact@nestle.com', '8005551001'),
('Mondelez International', 'support@mondelez.com', '8005551002'),
('Unilever PLC', 'sales@unilever.com', '8005551003'),
('PepsiCo Inc.', 'info@pepsico.com', '8005551004'),
('The Coca-Cola Company', 'service@coca-cola.com', '8005551005'),
('General Mills', 'orders@generalmills.com', '8005551006'),
('Kellanova', 'hello@kellanova.com', '8005551007'),
('Danone North America', 'danone@support.com', '8005551008'),
('Hormel Foods', 'hormel@contact.com', '8005551009'),
('Mars, Incorporated', 'contact@mars.com', '8005551010'),
('The Hershey Company', 'support@hersheys.com', '8005551011'),
('B&G Foods', 'sales@bgfoods.com', '8005551012'),
('Conagra Brands', 'contact@conagra.com', '8005551013'),
('Campbell Soup Company', 'info@campbells.com', '8005551014'),
('The Kraft Heinz Company', 'support@kraftheinz.com', '8005551015'),
('Dole Food Company', 'hello@dole.com', '8005551016'),
('Chobani LLC', 'sales@chobani.com', '8005551017'),
('Tillamook Creamery', 'tillamook@support.com', '8005551018'),
('Sargento Foods Inc.', 'info@sargento.com', '8005551019'),
('Gerber Products Co.', 'contact@gerber.com', '8005551020');

INSERT INTO `Vendor Address` (vend_id, addr_line_one, addr_line_two, city, state, country, zip) 
VALUES
(1, '123 Apple St', 'Suite 101', 'Cupertino', 'CA', 'USA', '95014'),
(2, '456 Orange Ave', '', 'Orlando', 'FL', 'USA', '32801'),
(3, '789 Banana Blvd', 'Apt 3B', 'Los Angeles', 'CA', 'USA', '90001'),
(4, '321 Grape Dr', '', 'San Diego', 'CA', 'USA', '92101'),
(5, '654 Cherry Ln', 'Unit 200', 'Chicago', 'IL', 'USA', '60601'),
(6, '987 Mango Way', '', 'Houston', 'TX', 'USA', '77001'),
(7, '159 Lemon Cir', '', 'Phoenix', 'AZ', 'USA', '85001'),
(8, '753 Peach St', 'Building A', 'Atlanta', 'GA', 'USA', '30301'),
(9, '852 Plum Rd', '', 'Philadelphia', 'PA', 'USA', '19101'),
(10, '951 Pear Blvd', 'Floor 2', 'Dallas', 'TX', 'USA', '75201'),
(11, '147 Kiwi Dr', '', 'Seattle', 'WA', 'USA', '98101'),
(12, '369 Avocado Ave', '', 'Portland', 'OR', 'USA', '97201'),
(13, '258 Fig St', 'Suite 400', 'San Jose', 'CA', 'USA', '95101'),
(14, '654 Berry Ln', '', 'Boston', 'MA', 'USA', '02101'),
(15, '741 Coconut Dr', '', 'Tampa', 'FL', 'USA', '33601'),
(16, '963 Pineapple Blvd', '', 'New York', 'NY', 'USA', '10001'),
(17, '357 Papaya Cir', 'Ste 5', 'Las Vegas', 'NV', 'USA', '89101'),
(18, '246 Nectarine Way', '', 'Charlotte', 'NC', 'USA', '28201'),
(19, '135 Passionfruit Rd', '', 'Denver', 'CO', 'USA', '80201'),
(20, '864 Melon Ave', '', 'Indianapolis', 'IN', 'USA', '46201');


INSERT INTO BMart (phone_number) VALUES 
('8005551000'),
('8005551001'),
('8005551002'),
('8005551003'),
('8005551004'),
('8005551005'),
('8005551006'),
('8005551007'),
('8005551008'),
('8005551009'),
('8005551010'),
('8005551011'),
('8005551012'),
('8005551013'),
('8005551014'),
('8005551015'),
('8005551016'),
('8005551017'),
('8005551018'),
('8005551019'),
('8005551020'),
('8005551021'),
('8005551022'),
('8005551023'),
('8005551024'),
('8005551025'),
('8005551026'),
('8005551027'),
('8005551028'),
('8005551029'),
('8005551030'),
('8005551031'),
('8005551032'),
('8005551033'),
('8005551034'),
('8005551035'),
('8005551036'),
('8005551037'),
('8005551038'),
('8005551039'),
('8005551040'),
('8005551041'),
('8005551042'),
('8005551043'),
('8005551044'),
('8005551045'),
('8005551046'),
('8005551047'),
('8005551048'),
('8005551049');

INSERT INTO Customer (cust_id, cust_name, cust_email, cust_phone) VALUES
(1, 'Mario', 'mario@smashmail.com', '5551230001'),
(2, 'Luigi', 'luigi@smashmail.com', '5551230002'),
(3, 'Peach', 'peach@smashmail.com', '5551230003'),
(4, 'Bowser', 'bowser@smashmail.com', '5551230004'),
(5, 'Yoshi', 'yoshi@smashmail.com', '5551230005'),
(6, 'Donkey Kong', 'dk@smashmail.com', '5551230006'),
(7, 'Diddy Kong', 'diddy@smashmail.com', '5551230007'),
(8, 'Link', 'link@smashmail.com', '5551230008'),
(9, 'Zelda', 'zelda@smashmail.com', '5551230009'),
(10, 'Sheik', 'sheik@smashmail.com', '5551230010'),
(11, 'Ganondorf', 'ganon@smashmail.com', '5551230011'),
(12, 'Toon Link', 'toonlink@smashmail.com', '5551230012'),
(13, 'Samus', 'samus@smashmail.com', '5551230013'),
(14, 'Dark Samus', 'darksamus@smashmail.com', '5551230014'),
(15, 'Kirby', 'kirby@smashmail.com', '5551230015'),
(16, 'Meta Knight', 'metaknight@smashmail.com', '5551230016'),
(17, 'King Dedede', 'dedede@smashmail.com', '5551230017'),
(18, 'Fox', 'fox@smashmail.com', '5551230018'),
(19, 'Falco', 'falco@smashmail.com', '5551230019'),
(20, 'Wolf', 'wolf@smashmail.com', '5551230020'),
(21, 'Pikachu', 'pikachu@smashmail.com', '5551230021'),
(22, 'Pichu', 'pichu@smashmail.com', '5551230022'),
(23, 'Jigglypuff', 'jigglypuff@smashmail.com', '5551230023'),
(24, 'Mewtwo', 'mewtwo@smashmail.com', '5551230024'),
(25, 'Lucario', 'lucario@smashmail.com', '5551230025'),
(26, 'Greninja', 'greninja@smashmail.com', '5551230026'),
(27, 'Incineroar', 'incineroar@smashmail.com', '5551230027'),
(28, 'Ness', 'ness@smashmail.com', '5551230028'),
(29, 'Lucas', 'lucas@smashmail.com', '5551230029'),
(30, 'Captain Falcon', 'falcon@smashmail.com', '5551230030'),
(31, 'Ice Climbers', 'iceclimbers@smashmail.com', '5551230031'),
(32, 'Marth', 'marth@smashmail.com', '5551230032'),
(33, 'Lucina', 'lucina@smashmail.com', '5551230033'),
(34, 'Roy', 'roy@smashmail.com', '5551230034'),
(35, 'Chrom', 'chrom@smashmail.com', '5551230035'),
(36, 'Ike', 'ike@smashmail.com', '5551230036'),
(37, 'Robin', 'robin@smashmail.com', '5551230037'),
(38, 'Corrin', 'corrin@smashmail.com', '5551230038'),
(39, 'Byleth', 'byleth@smashmail.com', '5551230039'),
(40, 'Villager', 'villager@smashmail.com', '5551230040'),
(41, 'Isabelle', 'isabelle@smashmail.com', '5551230041'),
(42, 'Little Mac', 'mac@smashmail.com', '5551230042'),
(43, 'Wii Fit Trainer', 'wiifit@smashmail.com', '5551230043'),
(44, 'Shulk', 'shulk@smashmail.com', '5551230044'),
(45, 'Duck Hunt', 'duckhunt@smashmail.com', '5551230045'),
(46, 'Pit', 'pit@smashmail.com', '5551230046'),
(47, 'Dark Pit', 'darkpit@smashmail.com', '5551230047'),
(48, 'Palutena', 'palutena@smashmail.com', '5551230048'),
(49, 'Mega Man', 'megaman@smashmail.com', '5551230049'),
(50, 'Ryu', 'ryu@smashmail.com', '5551230050'),
(51, 'Steve', 'steve@smashmail.com', '5551230051'),
(52, 'Alex', 'alex@smashmail.com', '5551230052'),
(53, 'Banjo & Kazooie', 'banjo_kazooie@smashmail.com', '5551230053'),
(54, 'Terry', 'terry@smashmail.com', '5551230054'),
(55, 'Hero', 'hero@smashmail.com', '5551230055'),
(56, 'Joker', 'joker@smashmail.com', '5551230056'),
(57, 'Min Min', 'minmin@smashmail.com', '5551230057'),
(58, 'Sora', 'sora@smashmail.com', '5551230058'),
(59, 'Pyra', 'pyra@smashmail.com', '5551230059'),
(60, 'Mythra', 'mythra@smashmail.com', '5551230060'),
(61, 'Sephiroth', 'sephiroth@smashmail.com', '5551230061'),
(62, 'Kazuya', 'kazuya@smashmail.com', '5551230062'),
(63, 'Bayonetta', 'bayonetta@smashmail.com', '5551230063'),
(64, 'Ridley', 'ridley@smashmail.com', '5551230064'),
(65, 'Simon', 'simon@smashmail.com', '5551230065'),
(66, 'Richter', 'richter@smashmail.com', '5551230066'),
(67, 'Inkling', 'inkling@smashmail.com', '5551230067'),
(68, 'Ken', 'ken@smashmail.com', '5551230068'),
(69, 'R.O.B.', 'rob@smashmail.com', '5551230069'),
(70, 'Mr. Game & Watch', 'gaw@smashmail.com', '5551230070'),
(71, 'Wario', 'wario@smashmail.com', '5551230071'),
(72, 'Snake', 'snake@smashmail.com', '5551230072'),
(73, 'Pac-Man', 'pacman@smashmail.com', '5551230073'),
(74, 'Sonic', 'sonic@smashmail.com', '5551230074'),
(75, 'Mega Man', 'megaman2@smashmail.com', '5551230075'),
(76, 'Rosalina & Luma', 'rosalina@smashmail.com', '5551230076'),
(77, 'Duck Hunt Duo', 'duckhuntduo@smashmail.com', '5551230077'),
(78, 'Mii Brawler', 'miibrawler@smashmail.com', '5551230078'),
(79, 'Mii Swordfighter', 'miisword@smashmail.com', '5551230079'),
(80, 'Mii Gunner', 'miigunner@smashmail.com', '5551230080'),
(81, 'Pokémon Trainer', 'trainer@smashmail.com', '5551230081'),
(82, 'Ivysaur', 'ivysaur@smashmail.com', '5551230082'),
(83, 'Squirtle', 'squirtle@smashmail.com', '5551230083'),
(84, 'Charizard', 'charizard@smashmail.com', '5551230084'),
(85, 'Byleth (Female)', 'byleth_f@smashmail.com', '5551230085'),
(86, 'Corrin (Male)', 'corrin_m@smashmail.com', '5551230086'),
(87, 'Robin (Female)', 'robin_f@smashmail.com', '5551230087'),
(88, 'Pit (Dark)', 'pit_dark@smashmail.com', '5551230088'),
(89, 'Echo Fighters Squad', 'echosquad@smashmail.com', '5551230089'),
(90, 'Daisy', 'daisy@smashmail.com', '5551230090'),
(91, 'Piranha Plant', 'plant@smashmail.com', '5551230091'),
(92, 'Ice Climbers (Nana)', 'nana@smashmail.com', '5551230092'),
(93, 'Lucina (Alt)', 'lucina_alt@smashmail.com', '5551230093'),
(94, 'Roy (Alt)', 'roy_alt@smashmail.com', '5551230094'),
(95, 'Inkling (Boy)', 'inkling_boy@smashmail.com', '5551230095');


INSERT INTO `Customer Address` (cust_id, addr_line_one, addr_line_two, city, state, country, zip) VALUES
(1, '100 Mushroom Way', '', 'New York', 'NY', 'USA', '10001'),
(2, '100 Mushroom Way', '', 'New York', 'NY', 'USA', '10001'),
(3, '221 Smash Blvd', 'Apt 5', 'Chicago', 'IL', 'USA', '60601'),
(4, '221 Smash Blvd', 'Apt 5', 'Chicago', 'IL', 'USA', '60601'),
(5, '450 Hyrule Dr', '', 'Portland', 'OR', 'USA', '97201'),
(6, '450 Hyrule Dr', '', 'Portland', 'OR', 'USA', '97201'),
(7, '88 Jungle Japes Rd', '', 'Houston', 'TX', 'USA', '77001'),
(8, '88 Jungle Japes Rd', '', 'Houston', 'TX', 'USA', '77001'),
(9, '999 Dreamland Pkwy', 'Unit 4', 'Los Angeles', 'CA', 'USA', '90001'),
(10, '999 Dreamland Pkwy', 'Unit 4', 'Los Angeles', 'CA', 'USA', '90001'),
(11, '302 Samus Spaceport', '', 'Orlando', 'FL', 'USA', '32801'),
(12, '123 Master Sword Dr', '', 'Seattle', 'WA', 'USA', '98101'),
(13, '77 Crateria Blvd', '', 'Denver', 'CO', 'USA', '80201'),
(14, '77 Crateria Blvd', '', 'Denver', 'CO', 'USA', '80201'),
(15, '404 Bowser Ln', 'Suite B', 'Boston', 'MA', 'USA', '02108'),
(16, '101 Arwing Ave', '', 'San Francisco', 'CA', 'USA', '94101'),
(17, '101 Arwing Ave', '', 'San Francisco', 'CA', 'USA', '94101'),
(18, '210 Lylat Blvd', '', 'Las Vegas', 'NV', 'USA', '89109'),
(19, '210 Lylat Blvd', '', 'Las Vegas', 'NV', 'USA', '89109'),
(20, '77 Dedede Dr', '', 'Cincinnati', 'OH', 'USA', '45202'),
(21, '300 Temple Plaza', '', 'Philadelphia', 'PA', 'USA', '19103'),
(22, '300 Temple Plaza', '', 'Philadelphia', 'PA', 'USA', '19103'),
(23, '650 Final Destination Rd', '', 'Phoenix', 'AZ', 'USA', '85001'),
(24, '650 Final Destination Rd', '', 'Phoenix', 'AZ', 'USA', '85001'),
(25, '500 Mii Maker Blvd', '', 'Charlotte', 'NC', 'USA', '28202'),
(26, '400 Clock Town Ave', '', 'Milwaukee', 'WI', 'USA', '53202'),
(27, '400 Clock Town Ave', '', 'Milwaukee', 'WI', 'USA', '53202'),
(28, '782 Smashville Ln', '', 'Nashville', 'TN', 'USA', '37201'),
(29, '782 Smashville Ln', '', 'Nashville', 'TN', 'USA', '37201'),
(30, '83 Balloon Fight Rd', '', 'Minneapolis', 'MN', 'USA', '55401'),
(31, '470 Zebes Heights', '', 'San Diego', 'CA', 'USA', '92101'),
(32, '470 Zebes Heights', '', 'San Diego', 'CA', 'USA', '92101'),
(33, '301 Inkling Alley', 'Floor 3', 'Seattle', 'WA', 'USA', '98104'),
(34, '301 Inkling Alley', 'Floor 3', 'Seattle', 'WA', 'USA', '98104'),
(35, '221 Wario Warehouse', '', 'Detroit', 'MI', 'USA', '48201'),
(36, '221 Wario Warehouse', '', 'Detroit', 'MI', 'USA', '48201'),
(37, '65 Reset Bomb Ave', '', 'Austin', 'TX', 'USA', '73301'),
(38, '65 Reset Bomb Ave', '', 'Austin', 'TX', 'USA', '73301'),
(39, '777 Kalos Lane', '', 'Atlanta', 'GA', 'USA', '30303'),
(40, '777 Kalos Lane', '', 'Atlanta', 'GA', 'USA', '30303'),
(41, '93 Spirit Tracks Blvd', '', 'Newark', 'NJ', 'USA', '07102'),
(42, '93 Spirit Tracks Blvd', '', 'Newark', 'NJ', 'USA', '07102'),
(43, '321 Castle Siege Ln', '', 'Indianapolis', 'IN', 'USA', '46201'),
(44, '321 Castle Siege Ln', '', 'Indianapolis', 'IN', 'USA', '46201'),
(45, '54 Wuhu Island Way', '', 'Miami', 'FL', 'USA', '33101'),
(46, '54 Wuhu Island Way', '', 'Miami', 'FL', 'USA', '33101'),
(47, '789 Fire Emblem Rd', '', 'Kansas City', 'MO', 'USA', '64101'),
(48, '789 Fire Emblem Rd', '', 'Kansas City', 'MO', 'USA', '64101'),
(49, '630 Thunderbolt Rd', '', 'Salt Lake City', 'UT', 'USA', '84101'),
(50, '630 Thunderbolt Rd', '', 'Salt Lake City', 'UT', 'USA', '84101'),
(51, '100 Onett St', '', 'Los Angeles', 'CA', 'USA', '90001'),
(52, '100 Onett St', '', 'Los Angeles', 'CA', 'USA', '90001'),
(53, '421 Eagleland Dr', 'Apt 2B', 'Austin', 'TX', 'USA', '73301'),
(54, '421 Eagleland Dr', 'Apt 2B', 'Austin', 'TX', 'USA', '73301'),
(55, '101 Dream Home Ln', '', 'San Diego', 'CA', 'USA', '92101'),
(56, '101 Dream Home Ln', '', 'San Diego', 'CA', 'USA', '92101'),
(57, '222 Subspace Ave', '', 'Chicago', 'IL', 'USA', '60607'),
(58, '222 Subspace Ave', '', 'Chicago', 'IL', 'USA', '60607'),
(59, '777 Tallon IV Rd', '', 'Orlando', 'FL', 'USA', '32810'),
(60, '777 Tallon IV Rd', '', 'Orlando', 'FL', 'USA', '32810'),
(61, '555 Kalos Lane', 'Apt 10', 'Atlanta', 'GA', 'USA', '30305'),
(62, '555 Kalos Lane', 'Apt 10', 'Atlanta', 'GA', 'USA', '30305'),
(63, '404 New Pork City Blvd', '', 'New York', 'NY', 'USA', '10004'),
(64, '404 New Pork City Blvd', '', 'New York', 'NY', 'USA', '10004'),
(65, '222 Delfino Plaza Rd', '', 'Miami', 'FL', 'USA', '33101'),
(66, '222 Delfino Plaza Rd', '', 'Miami', 'FL', 'USA', '33101'),
(67, '909 Halberd Ave', '', 'Philadelphia', 'PA', 'USA', '19104'),
(68, '909 Halberd Ave', '', 'Philadelphia', 'PA', 'USA', '19104'),
(69, '83 Gerudo Valley Dr', '', 'Phoenix', 'AZ', 'USA', '85001'),
(70, '83 Gerudo Valley Dr', '', 'Phoenix', 'AZ', 'USA', '85001'),
(71, '640 Brinstar Heights', '', 'Seattle', 'WA', 'USA', '98109'),
(72, '640 Brinstar Heights', '', 'Seattle', 'WA', 'USA', '98109'),
(73, '159 Mementos Ln', '', 'Portland', 'OR', 'USA', '97201'),
(74, '159 Mementos Ln', '', 'Portland', 'OR', 'USA', '97201'),
(75, '441 Monado Blvd', '', 'Cincinnati', 'OH', 'USA', '45202'),
(76, '441 Monado Blvd', '', 'Cincinnati', 'OH', 'USA', '45202'),
(77, '880 ARMS Circuit', '', 'Las Vegas', 'NV', 'USA', '89101'),
(78, '880 ARMS Circuit', '', 'Las Vegas', 'NV', 'USA', '89101'),
(79, '654 Minecraft Mine Rd', '', 'Indianapolis', 'IN', 'USA', '46201'),
(80, '654 Minecraft Mine Rd', '', 'Indianapolis', 'IN', 'USA', '46201'),
(81, '377 Skyloft St', '', 'Salt Lake City', 'UT', 'USA', '84101'),
(82, '377 Skyloft St', '', 'Salt Lake City', 'UT', 'USA', '84101'),
(83, '518 Inkopolis Ave', '', 'Minneapolis', 'MN', 'USA', '55401'),
(84, '518 Inkopolis Ave', '', 'Minneapolis', 'MN', 'USA', '55401'),
(85, '290 F-Zero Blvd', '', 'Charlotte', 'NC', 'USA', '28205'),
(86, '290 F-Zero Blvd', '', 'Charlotte', 'NC', 'USA', '28205'),
(87, '119 Smash Stadium Way', '', 'Denver', 'CO', 'USA', '80204'),
(88, '119 Smash Stadium Way', '', 'Denver', 'CO', 'USA', '80204'),
(89, '66 Magicant Rd', '', 'Columbus', 'OH', 'USA', '43215'),
(90, '66 Magicant Rd', '', 'Columbus', 'OH', 'USA', '43215'),
(91, '314 Spiral Mountain', '', 'San Jose', 'CA', 'USA', '95112'),
(92, '314 Spiral Mountain', '', 'San Jose', 'CA', 'USA', '95112'),
(93, '555 Summit St', '', 'Baltimore', 'MD', 'USA', '21201'),
(94, '555 Summit St', '', 'Baltimore', 'MD', 'USA', '21201'),
(95, '99 Yggdrasil Ave', '', 'Kansas City', 'MO', 'USA', '64101');

INSERT INTO `BMart Address` (store_id, addr_line_one, addr_line_two, city, state, country, zip)
VALUES
(1, '123 Main St', 'Suite 101', 'Springfield', 'IL', 'USA', '62701'),
(2, '456 Oak St', 'Apt 202', 'Greenwood', 'IN', 'USA', '46142'),
(3, '789 Pine Ave', '', 'Fairfield', 'OH', 'USA', '45014'),
(4, '101 Maple Dr', '', 'Lakewood', 'CO', 'USA', '80228'),
(5, '202 Birch Rd', 'Unit 305', 'Middletown', 'OH', 'USA', '45044'),
(6, '303 Cedar Ln', '', 'Riverside', 'CA', 'USA', '92501'),
(7, '404 Elm St', '', 'Bristol', 'VA', 'USA', '24201'),
(8, '505 Redwood Blvd', '', 'Lancaster', 'PA', 'USA', '17602'),
(9, '606 Oakwood Ln', 'Floor 2', 'Dover', 'DE', 'USA', '19901'),
(10, '707 Willow Ct', '', 'Greeley', 'CO', 'USA', '80631'),
(11, '808 Birchwood Dr', '', 'Wilmington', 'DE', 'USA', '19801'),
(12, '909 Pine Ridge Rd', '', 'Richmond', 'VA', 'USA', '23220'),
(13, '1010 Maplewood Ave', 'Suite 600', 'Columbus', 'OH', 'USA', '43215'),
(14, '1111 Cedarbrook Blvd', '', 'Trenton', 'NJ', 'USA', '08608'),
(15, '1212 Oak Hill Rd', '', 'Cincinnati', 'OH', 'USA', '45202'),
(16, '1313 Willow Springs Rd', '', 'Fort Worth', 'TX', 'USA', '76107'),
(17, '1414 Redwood St', 'Suite 8', 'Los Angeles', 'CA', 'USA', '90001'),
(18, '1515 Birch St', '', 'Madison', 'WI', 'USA', '53703'),
(19, '1616 Elmwood Ave', '', 'Nashville', 'TN', 'USA', '37203'),
(20, '1717 Maple St', '', 'Phoenix', 'AZ', 'USA', '85001'),
(21, '1818 Oak Creek Dr', '', 'Pittsburgh', 'PA', 'USA', '15213'),
(22, '1919 Pine View Rd', '', 'Sacramento', 'CA', 'USA', '95814'),
(23, '2020 Cedarwood Blvd', 'Suite 5', 'Austin', 'TX', 'USA', '73301'),
(24, '2121 Willowbrook Ln', '', 'Chicago', 'IL', 'USA', '60614'),
(25, '2222 Redwood Dr', '', 'Orlando', 'FL', 'USA', '32801'),
(26, '2323 Maple Rd', '', 'Tampa', 'FL', 'USA', '33602'),
(27, '2424 Birchwood St', '', 'Jacksonville', 'FL', 'USA', '32202'),
(28, '2525 Elm St', '', 'Dallas', 'TX', 'USA', '75201'),
(29, '2626 Pine Ct', '', 'Houston', 'TX', 'USA', '77002'),
(30, '2727 Cedar Dr', '', 'San Diego', 'CA', 'USA', '92101'),
(31, '2828 Oakwood Ln', '', 'Portland', 'OR', 'USA', '97201'),
(32, '2929 Willow St', '', 'St. Louis', 'MO', 'USA', '63101'),
(33, '3030 Birch St', '', 'Cleveland', 'OH', 'USA', '44101'),
(34, '3131 Redwood Ln', '', 'Minneapolis', 'MN', 'USA', '55101'),
(35, '3232 Maple Dr', '', 'Kansas City', 'MO', 'USA', '64101'),
(36, '3333 Cedar Rd', '', 'Baltimore', 'MD', 'USA', '21201'),
(37, '3434 Oak Ave', '', 'Charlotte', 'NC', 'USA', '28202'),
(38, '3535 Pine Ln', '', 'Detroit', 'MI', 'USA', '48201'),
(39, '3636 Elmwood Dr', '', 'Indianapolis', 'IN', 'USA', '46201'),
(40, '3737 Birch Ave', '', 'Cleveland', 'OH', 'USA', '44102'),
(41, '3838 Redwood Rd', '', 'Albany', 'NY', 'USA', '12201'),
(42, '3939 Maple Ave', '', 'Rochester', 'NY', 'USA', '14602'),
(43, '4040 Cedar Ln', '', 'Boston', 'MA', 'USA', '02101'),
(44, '4141 Oak Dr', '', 'Seattle', 'WA', 'USA', '98101'),
(45, '4242 Pine Rd', '', 'Denver', 'CO', 'USA', '80202'),
(46, '4343 Elm St', '', 'Miami', 'FL', 'USA', '33101'),
(47, '4444 Birch Rd', '', 'Chicago', 'IL', 'USA', '60602'),
(48, '4545 Redwood St', '', 'Los Angeles', 'CA', 'USA', '90002'),
(49, '4646 Maple Blvd', '', 'San Francisco', 'CA', 'USA', '94102'),
(50, '4747 Cedar St', '', 'New York', 'NY', 'USA', '10001');


INSERT INTO `Hours of Operation` (store_id, weekday_op, weekday_cl, weekend_op, weekend_cl)
VALUES
(1, '08:00:00', '20:00:00', '10:00:00', '18:00:00'),
(2, '09:00:00', '21:00:00', '11:00:00', '19:00:00'),
(3, '08:30:00', '20:30:00', '09:00:00', '17:00:00'),
(4, '08:00:00', '18:00:00', '10:00:00', '16:00:00'),
(5, '09:00:00', '21:00:00', '11:00:00', '19:00:00'),
(6, '08:30:00', '19:30:00', '10:00:00', '18:00:00'),
(7, '09:00:00', '22:00:00', '11:00:00', '20:00:00'),
(8, '08:00:00', '18:00:00', '09:00:00', '17:00:00'),
(9, '08:30:00', '20:30:00', '10:00:00', '18:00:00'),
(10, '09:00:00', '21:00:00', '11:00:00', '19:00:00'),
(11, '08:00:00', '20:00:00', '10:00:00', '18:00:00'),
(12, '09:00:00', '22:00:00', '11:00:00', '20:00:00'),
(13, '08:30:00', '20:30:00', '10:00:00', '18:00:00'),
(14, '08:00:00', '18:00:00', '09:00:00', '16:00:00'),
(15, '09:00:00', '21:00:00', '11:00:00', '19:00:00'),
(16, '08:30:00', '19:30:00', '10:00:00', '18:00:00'),
(17, '09:00:00', '22:00:00', '11:00:00', '20:00:00'),
(18, '08:00:00', '20:00:00', '10:00:00', '18:00:00'),
(19, '09:00:00', '21:00:00', '11:00:00', '19:00:00'),
(20, '08:00:00', '20:00:00', '10:00:00', '18:00:00'),
(21, '09:00:00', '22:00:00', '11:00:00', '20:00:00'),
(22, '08:30:00', '20:30:00', '10:00:00', '18:00:00'),
(23, '08:00:00', '18:00:00', '09:00:00', '16:00:00'),
(24, '09:00:00', '21:00:00', '11:00:00', '19:00:00'),
(25, '08:30:00', '20:30:00', '10:00:00', '18:00:00'),
(26, '08:00:00', '20:00:00', '10:00:00', '18:00:00'),
(27, '09:00:00', '22:00:00', '11:00:00', '20:00:00'),
(28, '08:30:00', '19:30:00', '10:00:00', '18:00:00'),
(29, '09:00:00', '21:00:00', '11:00:00', '19:00:00'),
(30, '08:00:00', '18:00:00', '10:00:00', '16:00:00'),
(31, '09:00:00', '22:00:00', '11:00:00', '20:00:00'),
(32, '08:30:00', '20:30:00', '10:00:00', '18:00:00'),
(33, '08:00:00', '20:00:00', '09:00:00', '17:00:00'),
(34, '09:00:00', '21:00:00', '11:00:00', '19:00:00'),
(35, '08:30:00', '19:30:00', '10:00:00', '18:00:00'),
(36, '09:00:00', '22:00:00', '11:00:00', '20:00:00'),
(37, '08:00:00', '20:00:00', '10:00:00', '18:00:00'),
(38, '09:00:00', '21:00:00', '11:00:00', '19:00:00'),
(39, '08:30:00', '20:30:00', '10:00:00', '18:00:00'),
(40, '08:00:00', '20:00:00', '10:00:00', '18:00:00'),
(41, '09:00:00', '22:00:00', '11:00:00', '20:00:00'),
(42, '08:30:00', '19:30:00', '10:00:00', '18:00:00'),
(43, '09:00:00', '21:00:00', '11:00:00', '19:00:00'),
(44, '08:00:00', '20:00:00', '09:00:00', '16:00:00'),
(45, '08:30:00', '19:30:00', '10:00:00', '18:00:00'),
(46, '09:00:00', '21:00:00', '11:00:00', '19:00:00'),
(47, '08:00:00', '20:00:00', '10:00:00', '18:00:00'),
(48, '09:00:00', '22:00:00', '11:00:00', '20:00:00'),
(49, '08:30:00', '19:30:00', '10:00:00', '18:00:00'),
(50, '08:00:00', '20:00:00', '09:00:00', '17:00:00');


INSERT INTO Brand (brand_name, vend_id)
VALUES
('Nestlé', 1),
('Oreo', 2),
('Knorr', 3),
('Pepsi', 4),
('Coca-Cola', 5),
('Cheerios', 6),
('Pringles', 7),
('Danone', 8),
('Spam', 9),
('Mars', 10),
('Hershey''s', 11),
('Green Giant', 12),
('Healthy Choice', 13),
('V8', 14),
('Heinz', 15),
('Dole', 16),
('Chobani', 17),
('Tillamook', 18),
('Sargento', 19),
('Gerber', 20);


INSERT INTO Product (
    UPC, product_name, product_size, unit_price, standard_price, source_nation, brand
) VALUES
('000000000000', 'Cheerios Chocolate', 100, 250, 4, 'USA', 'Cheerios'),
('012000111444', 'Pepsi Zero Sugar', 355, 199, 3, 'USA', 'Pepsi'),
('012000123789', 'Pepsi Max', 355, 199, 3, 'USA', 'Pepsi'),
('012000333222', 'Pepsi Diet', 355, 199, 4, 'USA', 'Pepsi'),
('012000998877', 'Pepsi Wild Cherry', 355, 209, 6, 'USA', 'Pepsi'),
('013000665544', 'Heinz BBQ Sauce', 510, 329, 7, 'USA', 'Heinz'),
('013000999888', 'Heinz Yellow Mustard', 396, 219, 4, 'USA', 'Heinz'),
('016000112233', 'Cheerios Apple Cinnamon', 340, 329, 2, 'USA', 'Cheerios'),
('016000333222', 'Cheerios Original', 340, 319, 2, 'USA', 'Cheerios'),
('016000456987', 'Cheerios Honey Nut', 340, 329, 3, 'USA', 'Cheerios'),
('016000845622', 'Cheerios Multigrain', 340, 299, 5, 'USA', 'Cheerios'),
('025000111333', 'Healthy Choice Bowl', 284, 359, 3, 'USA', 'Healthy Choice'),
('025000867432', 'Healthy Choice Steamer', 284, 369, 3, 'USA', 'Healthy Choice'),
('028000011234', 'Nestlé Chocolate Bar', 100, 149, 2, 'Switzerland', 'Nestlé'),
('028000411111', 'Nestlé Nesquik Powder', 400, 349, 2, 'Switzerland', 'Nestlé'),
('028000421111', 'Nestlé Hot Cocoa Mix', 200, 249, 3, 'Switzerland', 'Nestlé'),
('028000812345', 'Nestlé Toll House Chips', 326, 349, 2, 'Switzerland', 'Nestlé'),
('034567123456', 'Hershey’s Kisses', 200, 299, 5, 'USA', 'Hershey''s'),
('034567897654', 'Hershey’s Milk Chocolate', 150, 249, 5, 'USA', 'Hershey''s'),
('036632117788', 'Danone Fruit Yogurt', 150, 189, 7, 'France', 'Danone'),
('036632145789', 'Danone Greek Yogurt', 150, 199, 4, 'France', 'Danone'),
('036632543210', 'Danone Kids Yogurt', 100, 159, 4, 'France', 'Danone'),
('036632789456', 'Danone Organic Yogurt', 150, 209, 6, 'France', 'Danone'),
('037600112233', 'Spam Lite', 340, 319, 8, 'USA', 'Spam'),
('037600123987', 'Spam Classic', 340, 329, 8, 'USA', 'Spam'),
('037600456789', 'Spam Bacon', 340, 349, 10, 'USA', 'Spam'),
('037600998899', 'Spam Jalapeño', 340, 359, 11, 'USA', 'Spam'),
('038000111222', 'Pringles Cheddar Cheese', 156, 229, 2, 'USA', 'Pringles'),
('038000223344', 'Pringles Ranch', 156, 249, 2, 'USA', 'Pringles'),
('038000246810', 'Pringles Pizza', 150, 259, 3, 'USA', 'Pringles'),
('038000789456', 'Pringles BBQ', 156, 249, 4, 'USA', 'Pringles'),
('038900567123', 'Dole Diced Peaches', 450, 249, 4, 'USA', 'Dole'),
('038900998812', 'Dole Pineapple Juice', 450, 269, 5, 'USA', 'Dole'),
('040000112244', 'Mars Twix', 120, 199, 3, 'USA', 'Mars'),
('040000333111', 'Mars Snickers', 120, 199, 4, 'USA', 'Mars'),
('040000987123', 'Mars Milk Chocolate', 120, 199, 5, 'USA', 'Mars'),
('044000112233', 'Oreo Golden Sandwich', 154, 299, 7, 'USA', 'Oreo'),
('044000123456', 'Oreo Original', 154, 299, 5, 'USA', 'Oreo'),
('044000889900', 'Oreo Mint', 154, 299, 8, 'USA', 'Oreo'),
('044000987654', 'Oreo Thins Mint', 200, 319, 7, 'USA', 'Oreo'),
('046789334455', 'Chobani Flip Strawberry', 150, 229, 5, 'USA', 'Chobani'),
('046789665544', 'Tillamook Ice Cream Vanilla', 473, 549, 5, 'USA', 'Tillamook'),
('046789777666', 'Chobani Plain Yogurt', 200, 219, 6, 'USA', 'Chobani'),
('046789998877', 'Tillamook Sharp Cheddar', 227, 399, 6, 'USA', 'Tillamook'),
('048001111222', 'Knorr Pasta Alfredo', 130, 179, 2, 'Germany', 'Knorr'),
('048001112233', 'Knorr Chicken Bouillon', 80, 179, 3, 'Germany', 'Knorr'),
('048001555789', 'Knorr Rice Sides', 145, 179, 4, 'Germany', 'Knorr'),
('048001999111', 'Knorr Chili Sauce Mix', 125, 159, 4, 'Germany', 'Knorr'),
('049000222333', 'Coca-Cola Vanilla', 355, 189, 6, 'USA', 'Coca-Cola'),
('049000321654', 'Coca-Cola Zero', 355, 189, 6, 'USA', 'Coca-Cola'),
('049000777888', 'Coca-Cola Cherry', 355, 199, 6, 'USA', 'Coca-Cola'),
('049000987654', 'Coca-Cola Original', 500, 229, 9, 'USA', 'Coca-Cola'),
('050000246813', 'Gerber Banana Puree', 113, 199, 9, 'USA', 'Gerber'),
('050000334466', 'Gerber Apple Puree', 113, 199, 11, 'USA', 'Gerber'),
('051000334455', 'V8 Splash Mango Peach', 473, 239, 11, 'USA', 'V8'),
('051000665544', 'V8 Vegetable Juice', 355, 229, 7, 'USA', 'V8'),
('051500123456', 'Sargento String Cheese', 168, 349, 3, 'USA', 'Sargento'),
('051500998877', 'Sargento Provolone Slices', 170, 369, 3, 'USA', 'Sargento'),
('073121234567', 'Green Giant Corn Niblets', 400, 229, 13, 'USA', 'Green Giant'),
('073121888777', 'Green Giant Broccoli Cuts', 400, 249, 11, 'USA', 'Green Giant');


INSERT INTO `Product Type` (UPC, product_type) VALUES
('012000111444', 'Soda'),
('012000111444', 'Soft Drink'),
('012000998877', 'Beverage'),
('012000998877', 'Soda'),
('013000999888', 'Condiment'),
('013000999888', 'Sauce'),
('016000333222', 'Cereal'),
('016000333222', 'Whole Grain'),
('016000845622', 'Breakfast'),
('016000845622', 'Cereal'),
('025000867432', 'Frozen Food'),
('025000867432', 'Healthy'),
('028000011234', 'Chocolate'),
('028000011234', 'Snack'),
('028000411111', 'Chocolate'),
('028000411111', 'Drink Mix'),
('034567897654', 'Candy'),
('034567897654', 'Chocolate'),
('036632117788', 'Dairy'),
('036632117788', 'Yogurt'),
('037600456789', 'Canned Goods'),
('037600456789', 'Meat'),
('038000246810', 'Chips'),
('038000246810', 'Snack'),
('038900567123', 'Canned Goods'),
('038900567123', 'Fruit'),
('040000112244', 'Candy'),
('040000112244', 'Chocolate'),
('044000112233', 'Cookie'),
('044000112233', 'Snack'),
('044000987654', 'Cookie'),
('044000987654', 'Snack'),
('046789334455', 'Dairy'),
('046789334455', 'Yogurt'),
('046789998877', 'Cheese'),
('046789998877', 'Dairy'),
('048001111222', 'Pasta'),
('048001111222', 'Side Dish'),
('048001555789', 'Rice'),
('048001555789', 'Side Dish'),
('049000222333', 'Beverage'),
('049000222333', 'Soda'),
('049000777888', 'Soda'),
('049000777888', 'Soft Drink'),
('050000246813', 'Baby Food'),
('050000246813', 'Fruit'),
('051000665544', 'Beverage'),
('051000665544', 'Juice'),
('051500123456', 'Cheese'),
('051500123456', 'Dairy'),
('073121234567', 'Canned Goods'),
('073121234567', 'Vegetables');



INSERT INTO `Customer Cart` (cart_id, cust_id, UPC, store_id, prod_quantity, order_processed) VALUES 
 (1,1, '073121888777', 50, 10, 0),
 (2,1, '073121888777', 49, 10, 1),
 (3,1, '012000111444', 50, 10, 0),
 (4,2, '073121888777', 49, 10, 1),
 (5,3, '016000333222', 49, 10, 1),
 (6,3, '013000999888', 49, 250, 0), 
 (7, 1, '037600112233', 50, 57, 0),
 (8, 1, '048001111222', 50, 83, 0),
 (9, 1, '046789777666', 50, 66, 0),
 (10, 2, '044000112233', 49, 15, 0),
 (11, 2, '049000987654', 49, 27, 0),
 (12, 2, '051000665544', 49, 45, 0),
 (13, 3, '046789777666', 49, 61, 0),
 (14, 3, '044000112233', 49, 95, 0),
 (15, 3, '048001111222', 49, 13, 0),
 (16, 3, '044000112233', 49, 29, 0),
 (17, 4, '028000421111', 6, 8, 0),
 (18, 4, '046789777666', 6, 74, 0),
 (19, 4, '016000112233', 6, 21, 0),
 (20, 5, '049000987654', 12, 34, 0),
 (21, 5, '038000789456', 12, 68, 0),
 (22, 5, '037600112233', 12, 49, 0),
 (23, 6, '016000112233', 20, 90, 0),
 (24, 6, '049000987654', 20, 36, 0),
 (25, 6, '049000777888', 20, 87, 0),
 (26, 7, '051000665544', 31, 14, 0),
 (27, 7, '048001111222', 31, 97, 0),
 (28, 7, '016000112233', 31, 58, 0),
 (29, 7, '038000789456', 31, 62, 0),
 (30, 8, '049000777888', 19, 73, 0),
 (31, 8, '049000987654', 19, 80, 0),
 (32, 8, '046789777666', 19, 3, 0),
 (33, 8, '037600112233', 19, 94, 0),
 (34, 9, '028000421111', 8, 37, 0),
 (35, 9, '051000665544', 8, 77, 0),
 (36, 9, '048001111222', 8, 10, 0),
 (37, 9, '044000112233', 8, 26, 0),
 (38, 9, '044000112233', 8, 6, 0),
 (39, 10, '028000421111', 43, 41, 0),
 (40, 10, '044000112233', 43, 2, 0),
 (41, 10, '036632117788', 43, 30, 0),
 (42, 10, '038000223344', 43, 16, 0),
 (43, 10, '048001111222', 43, 52, 0),
 (44, 10, '036632145789', 43, 91, 0),
 (45, 10, '037600112233', 43, 31, 0),
 (46, 10, '038000246810', 43, 70, 0),
 (47, 10, '050000334466', 43, 43, 0),
 (48, 10, '050000246813', 43, 59, 0),
 (49, 10, '046789777666', 43, 35, 0),
 (50, 10, '038900998812', 43, 92, 0),
 (51, 10, '073121888777', 43, 64, 0),
 (52, 10, '073121234567', 43, 85, 0),
 (53, 10, '073121234567', 43, 50, 0),
 (54, 10, '051500998877', 43, 75, 0),
 (55, 10, '038000789456', 43, 5, 0),
 (56, 10, '051000665544', 43, 22, 0);

-- !!Run the inventory_data.sql here!!
-- !!Run the inventory_data.sql here!!
-- !!Run the inventory_data.sql here!!
-- !!Run the inventory_data.sql here!!
-- !!Run the inventory_data.sql here!!
-- !!Run the inventory_data.sql here!!


INSERT INTO `Reorder Requests` (order_status, order_seen, reorder_date, reorder_received_date, store_id, vendor_id) VALUES
('Complete', 1, '2025-04-21', NULL, 50, 8),
('Pending', 1, '2025-04-21', NULL, 50, 8),
('Pending', 1, '2025-04-21', NULL, 50, 1),
('Pending', 1, '2025-04-21', NULL, 50, 2),
('Pending', 1, '2025-04-21', NULL, 50, 10),
('Pending', 1, '2025-04-21', NULL, 50, 11),
('Pending', 1, '2025-04-21', NULL, 46, 13),
('Pending', 0, '2025-04-21', NULL, 17, 1),
('Pending', 0, '2025-04-21', NULL, 17, 16),
('Pending', 0, '2025-04-21', NULL, 17, 10),
('Pending', 0, '2025-04-21', NULL, 17, 11),
('Pending', 0, '2025-04-21', NULL, 17, 6);


INSERT INTO `Requested Product` (UPC, request_id, quantity) VALUES
('034567897654',1, 1),
('036632543210',2,2),
('025000111333',7,1),
('028000011234', 3, 1),
('044000112233',4, 1),
('040000987123', 5, 1);



INSERT INTO Shipments (total_price, date_sent, store_id, request_id, vend_id) VALUES
(150,'2025-04-22',50,1,11),
(159,'2025-04-22',50,2,1),
(149,'2025-04-22',50, 3, 1),
(149,'2025-04-22',50, 3, 1),
(308,'2025-04-22',50,4,2),
(349,'2025-04-22',50, 3, 1),
(284,'2025-04-22',50,7,13);


INSERT INTO `Shipped Product` (UPC, ship_id, quantity) VALUES
('025000111333',4,1),
('034567123456',7,1),
('036632543210',6,1),
('028000411111', 5, 1),
('034567897654',1,1),
('028000011234',2,1),
('044000112233',3, 2),
('025000111333',5,1); 

